Entity,Code,Year,"Terrorism fatalities (GTD, 2018)"
Afghanistan,AFG,1973,0
Afghanistan,AFG,1979,53
Afghanistan,AFG,1987,0
Afghanistan,AFG,1988,128
Afghanistan,AFG,1989,10
Afghanistan,AFG,1990,12
Afghanistan,AFG,1991,68
Afghanistan,AFG,1992,49
Afghanistan,AFG,1994,22
Afghanistan,AFG,1995,5
Afghanistan,AFG,1996,31
Afghanistan,AFG,1997,4
Afghanistan,AFG,1998,8
Afghanistan,AFG,1999,39
Afghanistan,AFG,2000,38
Afghanistan,AFG,2001,174
Afghanistan,AFG,2002,74
Afghanistan,AFG,2003,163
Afghanistan,AFG,2004,275
Afghanistan,AFG,2005,367
Afghanistan,AFG,2006,732
Afghanistan,AFG,2007,1199
Afghanistan,AFG,2008,1092
Afghanistan,AFG,2009,1065
Afghanistan,AFG,2010,1157
Afghanistan,AFG,2011,1525
Afghanistan,AFG,2012,3521
Afghanistan,AFG,2013,3709
Afghanistan,AFG,2014,5414
Afghanistan,AFG,2015,6216
Afghanistan,AFG,2016,6142
Afghanistan,AFG,2017,6092
Albania,ALB,1981,0
Albania,ALB,1990,0
Albania,ALB,1991,0
Albania,ALB,1992,1
Albania,ALB,1994,1
Albania,ALB,1996,7
Albania,ALB,1997,26
Albania,ALB,1998,0
Albania,ALB,1999,6
Albania,ALB,2000,0
Albania,ALB,2001,0
Albania,ALB,2003,0
Albania,ALB,2009,0
Albania,ALB,2013,0
Albania,ALB,2014,1
Albania,ALB,2015,0
Albania,ALB,2016,0
Albania,ALB,2017,0
Algeria,DZA,1972,0
Algeria,DZA,1976,0
Algeria,DZA,1978,0
Algeria,DZA,1979,0
Algeria,DZA,1990,3
Algeria,DZA,1991,42
Algeria,DZA,1992,236
Algeria,DZA,1994,500
Algeria,DZA,1995,418
Algeria,DZA,1996,529
Algeria,DZA,1997,4266
Algeria,DZA,1998,952
Algeria,DZA,1999,467
Algeria,DZA,2000,528
Algeria,DZA,2001,624
Algeria,DZA,2002,615
Algeria,DZA,2003,269
Algeria,DZA,2004,166
Algeria,DZA,2005,228
Algeria,DZA,2006,185
Algeria,DZA,2007,241
Algeria,DZA,2008,249
Algeria,DZA,2009,204
Algeria,DZA,2010,109
Algeria,DZA,2011,25
Algeria,DZA,2012,30
Algeria,DZA,2013,101
Algeria,DZA,2014,37
Algeria,DZA,2015,21
Algeria,DZA,2016,9
Algeria,DZA,2017,12
Andorra,AND,1974,0
Angola,AGO,1977,0
Angola,AGO,1978,0
Angola,AGO,1979,19
Angola,AGO,1981,3
Angola,AGO,1982,2
Angola,AGO,1983,282
Angola,AGO,1984,179
Angola,AGO,1985,6
Angola,AGO,1986,119
Angola,AGO,1987,5
Angola,AGO,1988,145
Angola,AGO,1989,88
Angola,AGO,1990,147
Angola,AGO,1991,69
Angola,AGO,1992,97
Angola,AGO,1994,108
Angola,AGO,1995,52
Angola,AGO,1996,18
Angola,AGO,1997,34
Angola,AGO,1998,275
Angola,AGO,1999,299
Angola,AGO,2000,178
Angola,AGO,2001,846
Angola,AGO,2002,59
Angola,AGO,2009,2
Angola,AGO,2010,4
Angola,AGO,2016,0
Angola,AGO,2017,7
Antigua and Barbuda,ATG,1992,0
Argentina,ARG,1970,5
Argentina,ARG,1971,5
Argentina,ARG,1972,5
Argentina,ARG,1973,16
Argentina,ARG,1974,21
Argentina,ARG,1975,123
Argentina,ARG,1976,122
Argentina,ARG,1977,7
Argentina,ARG,1978,13
Argentina,ARG,1979,11
Argentina,ARG,1980,0
Argentina,ARG,1981,0
Argentina,ARG,1982,1
Argentina,ARG,1983,1
Argentina,ARG,1984,1
Argentina,ARG,1985,2
Argentina,ARG,1986,2
Argentina,ARG,1987,3
Argentina,ARG,1988,1
Argentina,ARG,1989,26
Argentina,ARG,1990,1
Argentina,ARG,1991,1
Argentina,ARG,1992,33
Argentina,ARG,1994,86
Argentina,ARG,1995,0
Argentina,ARG,1996,1
Argentina,ARG,1997,3
Argentina,ARG,1999,0
Argentina,ARG,2001,0
Argentina,ARG,2003,0
Argentina,ARG,2005,0
Argentina,ARG,2009,0
Argentina,ARG,2010,0
Argentina,ARG,2011,0
Argentina,ARG,2012,0
Argentina,ARG,2013,0
Argentina,ARG,2014,0
Argentina,ARG,2015,0
Argentina,ARG,2016,0
Argentina,ARG,2017,0
Armenia,ARM,1991,0
Armenia,ARM,1992,2
Armenia,ARM,1994,15
Armenia,ARM,1995,2
Armenia,ARM,1996,2
Armenia,ARM,1998,0
Armenia,ARM,1999,8
Armenia,ARM,2000,0
Armenia,ARM,2001,1
Armenia,ARM,2007,0
Armenia,ARM,2009,1
Armenia,ARM,2013,0
Armenia,ARM,2015,0
Armenia,ARM,2016,6
Australasia & Oceania,,1970,0
Australasia & Oceania,,1971,0
Australasia & Oceania,,1972,1
Australasia & Oceania,,1973,0
Australasia & Oceania,,1974,0
Australasia & Oceania,,1975,0
Australasia & Oceania,,1976,0
Australasia & Oceania,,1977,0
Australasia & Oceania,,1978,2
Australasia & Oceania,,1979,0
Australasia & Oceania,,1980,2
Australasia & Oceania,,1981,1
Australasia & Oceania,,1982,0
Australasia & Oceania,,1983,0
Australasia & Oceania,,1984,12
Australasia & Oceania,,1985,0
Australasia & Oceania,,1986,1
Australasia & Oceania,,1987,0
Australasia & Oceania,,1988,22
Australasia & Oceania,,1989,15
Australasia & Oceania,,1990,12
Australasia & Oceania,,1991,3
Australasia & Oceania,,1992,9
Australasia & Oceania,,1994,20
Australasia & Oceania,,1995,6
Australasia & Oceania,,1996,23
Australasia & Oceania,,1997,0
Australasia & Oceania,,1998,0
Australasia & Oceania,,1999,2
Australasia & Oceania,,2000,7
Australasia & Oceania,,2001,0
Australasia & Oceania,,2002,1
Australasia & Oceania,,2003,1
Australasia & Oceania,,2004,0
Australasia & Oceania,,2005,0
Australasia & Oceania,,2006,0
Australasia & Oceania,,2007,0
Australasia & Oceania,,2008,0
Australasia & Oceania,,2009,0
Australasia & Oceania,,2010,0
Australasia & Oceania,,2011,0
Australasia & Oceania,,2012,0
Australasia & Oceania,,2013,0
Australasia & Oceania,,2014,4
Australasia & Oceania,,2015,2
Australasia & Oceania,,2016,0
Australasia & Oceania,,2017,4
Australia,AUS,1970,0
Australia,AUS,1971,0
Australia,AUS,1972,1
Australia,AUS,1974,0
Australia,AUS,1978,2
Australia,AUS,1979,0
Australia,AUS,1980,2
Australia,AUS,1981,1
Australia,AUS,1982,0
Australia,AUS,1986,1
Australia,AUS,1988,0
Australia,AUS,1989,0
Australia,AUS,1991,0
Australia,AUS,1992,1
Australia,AUS,1994,3
Australia,AUS,1995,0
Australia,AUS,1996,2
Australia,AUS,1997,0
Australia,AUS,1998,0
Australia,AUS,2000,0
Australia,AUS,2001,0
Australia,AUS,2006,0
Australia,AUS,2008,0
Australia,AUS,2009,0
Australia,AUS,2010,0
Australia,AUS,2013,0
Australia,AUS,2014,4
Australia,AUS,2015,2
Australia,AUS,2016,0
Australia,AUS,2017,4
Austria,AUT,1972,4
Austria,AUT,1973,0
Austria,AUT,1974,0
Austria,AUT,1975,4
Austria,AUT,1976,0
Austria,AUT,1977,1
Austria,AUT,1978,0
Austria,AUT,1979,0
Austria,AUT,1980,0
Austria,AUT,1981,3
Austria,AUT,1982,0
Austria,AUT,1984,2
Austria,AUT,1985,4
Austria,AUT,1986,0
Austria,AUT,1987,0
Austria,AUT,1988,0
Austria,AUT,1989,3
Austria,AUT,1990,0
Austria,AUT,1991,0
Austria,AUT,1992,0
Austria,AUT,1994,0
Austria,AUT,1995,6
Austria,AUT,1996,0
Austria,AUT,1997,0
Austria,AUT,1998,0
Austria,AUT,2006,0
Austria,AUT,2007,0
Austria,AUT,2008,0
Austria,AUT,2009,1
Austria,AUT,2011,0
Austria,AUT,2013,0
Austria,AUT,2016,0
Austria,AUT,2017,2
Azerbaijan,AZE,1991,26
Azerbaijan,AZE,1992,186
Azerbaijan,AZE,1994,30
Azerbaijan,AZE,1995,0
Azerbaijan,AZE,1996,2
Azerbaijan,AZE,1997,1
Azerbaijan,AZE,2000,0
Azerbaijan,AZE,2001,1
Azerbaijan,AZE,2002,0
Azerbaijan,AZE,2007,0
Azerbaijan,AZE,2008,5
Azerbaijan,AZE,2009,1
Azerbaijan,AZE,2014,0
Azerbaijan,AZE,2016,1
Azerbaijan,AZE,2017,5
Bahamas,BHS,1976,0
Bahamas,BHS,1981,0
Bahamas,BHS,1997,1
Bahamas,BHS,2013,0
Bahrain,BHR,1979,0
Bahrain,BHR,1980,0
Bahrain,BHR,1991,1
Bahrain,BHR,1994,0
Bahrain,BHR,1995,1
Bahrain,BHR,1996,8
Bahrain,BHR,1997,5
Bahrain,BHR,2003,0
Bahrain,BHR,2006,0
Bahrain,BHR,2008,1
Bahrain,BHR,2010,0
Bahrain,BHR,2011,0
Bahrain,BHR,2012,4
Bahrain,BHR,2013,3
Bahrain,BHR,2014,9
Bahrain,BHR,2015,5
Bahrain,BHR,2016,1
Bahrain,BHR,2017,6
Bangladesh,BGD,1977,0
Bangladesh,BGD,1979,0
Bangladesh,BGD,1980,6
Bangladesh,BGD,1981,6
Bangladesh,BGD,1982,0
Bangladesh,BGD,1984,1
Bangladesh,BGD,1985,0
Bangladesh,BGD,1986,54
Bangladesh,BGD,1987,26
Bangladesh,BGD,1988,87
Bangladesh,BGD,1989,131
Bangladesh,BGD,1990,66
Bangladesh,BGD,1991,69
Bangladesh,BGD,1992,101
Bangladesh,BGD,1994,30
Bangladesh,BGD,1995,35
Bangladesh,BGD,1996,89
Bangladesh,BGD,1997,14
Bangladesh,BGD,1998,0
Bangladesh,BGD,1999,30
Bangladesh,BGD,2000,11
Bangladesh,BGD,2001,57
Bangladesh,BGD,2002,21
Bangladesh,BGD,2003,3
Bangladesh,BGD,2004,43
Bangladesh,BGD,2005,44
Bangladesh,BGD,2006,19
Bangladesh,BGD,2007,1
Bangladesh,BGD,2008,9
Bangladesh,BGD,2009,18
Bangladesh,BGD,2010,15
Bangladesh,BGD,2011,9
Bangladesh,BGD,2012,8
Bangladesh,BGD,2013,16
Bangladesh,BGD,2014,38
Bangladesh,BGD,2015,86
Bangladesh,BGD,2016,76
Bangladesh,BGD,2017,25
Barbados,BRB,1976,73
Barbados,BRB,1992,3
Belarus,BLR,1994,0
Belarus,BLR,1997,1
Belarus,BLR,1999,0
Belarus,BLR,2001,0
Belarus,BLR,2006,0
Belarus,BLR,2008,0
Belarus,BLR,2010,0
Belarus,BLR,2011,13
Belarus,BLR,2012,0
Belgium,BEL,1970,0
Belgium,BEL,1972,0
Belgium,BEL,1973,0
Belgium,BEL,1974,0
Belgium,BEL,1976,0
Belgium,BEL,1977,0
Belgium,BEL,1978,1
Belgium,BEL,1979,1
Belgium,BEL,1980,2
Belgium,BEL,1981,6
Belgium,BEL,1982,0
Belgium,BEL,1983,2
Belgium,BEL,1984,0
Belgium,BEL,1985,10
Belgium,BEL,1986,0
Belgium,BEL,1987,1
Belgium,BEL,1988,1
Belgium,BEL,1989,4
Belgium,BEL,1990,2
Belgium,BEL,1991,1
Belgium,BEL,1992,1
Belgium,BEL,1994,0
Belgium,BEL,1995,0
Belgium,BEL,1997,4
Belgium,BEL,1998,0
Belgium,BEL,1999,0
Belgium,BEL,2002,0
Belgium,BEL,2003,0
Belgium,BEL,2007,0
Belgium,BEL,2009,0
Belgium,BEL,2012,1
Belgium,BEL,2014,4
Belgium,BEL,2016,36
Belgium,BEL,2017,2
Belize,BLZ,1980,0
Belize,BLZ,1991,2
Belize,BLZ,1992,1
Belize,BLZ,2000,0
Belize,BLZ,2013,0
Benin,BEN,1992,0
Benin,BEN,1994,0
Benin,BEN,1995,0
Benin,BEN,1996,0
Benin,BEN,2007,0
Bhutan,BTN,2006,4
Bhutan,BTN,2008,5
Bhutan,BTN,2011,0
Bhutan,BTN,2014,0
Bolivia,BOL,1970,0
Bolivia,BOL,1971,0
Bolivia,BOL,1974,0
Bolivia,BOL,1976,0
Bolivia,BOL,1977,0
Bolivia,BOL,1978,0
Bolivia,BOL,1979,0
Bolivia,BOL,1980,11
Bolivia,BOL,1981,1
Bolivia,BOL,1982,0
Bolivia,BOL,1983,0
Bolivia,BOL,1984,1
Bolivia,BOL,1985,0
Bolivia,BOL,1986,1
Bolivia,BOL,1987,1
Bolivia,BOL,1988,2
Bolivia,BOL,1989,2
Bolivia,BOL,1990,6
Bolivia,BOL,1991,7
Bolivia,BOL,1992,5
Bolivia,BOL,1994,1
Bolivia,BOL,1995,0
Bolivia,BOL,1996,0
Bolivia,BOL,1997,4
Bolivia,BOL,2003,0
Bolivia,BOL,2005,0
Bolivia,BOL,2007,0
Bolivia,BOL,2009,0
Bolivia,BOL,2012,0
Bosnia-Herzegovina,,1992,55
Bosnia-Herzegovina,,1994,3
Bosnia-Herzegovina,,1995,2
Bosnia-Herzegovina,,1996,2
Bosnia-Herzegovina,,1997,5
Bosnia-Herzegovina,,1998,2
Bosnia-Herzegovina,,1999,1
Bosnia-Herzegovina,,2000,1
Bosnia-Herzegovina,,2001,0
Bosnia-Herzegovina,,2002,0
Bosnia-Herzegovina,,2003,0
Bosnia-Herzegovina,,2005,0
Bosnia-Herzegovina,,2006,0
Bosnia-Herzegovina,,2007,1
Bosnia-Herzegovina,,2008,2
Bosnia-Herzegovina,,2009,0
Bosnia-Herzegovina,,2010,1
Bosnia-Herzegovina,,2011,0
Bosnia-Herzegovina,,2013,0
Bosnia-Herzegovina,,2014,0
Bosnia-Herzegovina,,2015,4
Botswana,BWA,1974,1
Botswana,BWA,1985,0
Botswana,BWA,1987,3
Botswana,BWA,1988,1
Botswana,BWA,1989,0
Botswana,BWA,1990,6
Botswana,BWA,1995,0
Brazil,BRA,1970,2
Brazil,BRA,1971,0
Brazil,BRA,1972,0
Brazil,BRA,1973,0
Brazil,BRA,1976,0
Brazil,BRA,1977,0
Brazil,BRA,1978,1
Brazil,BRA,1979,4
Brazil,BRA,1980,19
Brazil,BRA,1981,2
Brazil,BRA,1982,27
Brazil,BRA,1983,0
Brazil,BRA,1984,0
Brazil,BRA,1985,0
Brazil,BRA,1986,14
Brazil,BRA,1987,0
Brazil,BRA,1988,0
Brazil,BRA,1989,1
Brazil,BRA,1990,3
Brazil,BRA,1991,12
Brazil,BRA,1992,28
Brazil,BRA,1994,15
Brazil,BRA,1995,13
Brazil,BRA,1996,22
Brazil,BRA,1997,28
Brazil,BRA,1998,0
Brazil,BRA,1999,1
Brazil,BRA,2000,0
Brazil,BRA,2001,1
Brazil,BRA,2002,0
Brazil,BRA,2003,0
Brazil,BRA,2006,1
Brazil,BRA,2012,1
Brazil,BRA,2013,2
Brazil,BRA,2014,2
Brazil,BRA,2015,3
Brazil,BRA,2016,1
Brazil,BRA,2017,0
Brunei,BRN,1972,0
Brunei,BRN,1992,0
Bulgaria,BGR,1982,2
Bulgaria,BGR,1984,0
Bulgaria,BGR,1990,0
Bulgaria,BGR,1991,0
Bulgaria,BGR,1992,0
Bulgaria,BGR,1994,1
Bulgaria,BGR,1995,3
Bulgaria,BGR,1996,9
Bulgaria,BGR,1997,0
Bulgaria,BGR,1998,0
Bulgaria,BGR,1999,0
Bulgaria,BGR,2000,4
Bulgaria,BGR,2001,0
Bulgaria,BGR,2002,1
Bulgaria,BGR,2008,0
Bulgaria,BGR,2011,0
Bulgaria,BGR,2012,8
Bulgaria,BGR,2013,0
Bulgaria,BGR,2014,0
Bulgaria,BGR,2015,0
Bulgaria,BGR,2016,0
Burkina Faso,BFA,1984,1
Burkina Faso,BFA,1991,1
Burkina Faso,BFA,2013,1
Burkina Faso,BFA,2015,16
Burkina Faso,BFA,2016,62
Burkina Faso,BFA,2017,53
Burundi,BDI,1991,117
Burundi,BDI,1992,61
Burundi,BDI,1994,265
Burundi,BDI,1995,583
Burundi,BDI,1996,1371
Burundi,BDI,1997,386
Burundi,BDI,1998,392
Burundi,BDI,1999,108
Burundi,BDI,2000,97
Burundi,BDI,2001,166
Burundi,BDI,2002,67
Burundi,BDI,2003,116
Burundi,BDI,2004,18
Burundi,BDI,2005,13
Burundi,BDI,2006,21
Burundi,BDI,2007,3
Burundi,BDI,2008,28
Burundi,BDI,2010,14
Burundi,BDI,2011,47
Burundi,BDI,2012,6
Burundi,BDI,2013,5
Burundi,BDI,2014,4
Burundi,BDI,2015,223
Burundi,BDI,2016,74
Burundi,BDI,2017,20
Cambodia,KHM,1971,2
Cambodia,KHM,1972,1
Cambodia,KHM,1978,1
Cambodia,KHM,1989,11
Cambodia,KHM,1990,0
Cambodia,KHM,1991,16
Cambodia,KHM,1992,64
Cambodia,KHM,1994,225
Cambodia,KHM,1995,21
Cambodia,KHM,1996,44
Cambodia,KHM,1997,100
Cambodia,KHM,1998,35
Cambodia,KHM,1999,1
Cambodia,KHM,2000,12
Cambodia,KHM,2001,4
Cambodia,KHM,2002,4
Cambodia,KHM,2003,1
Cambodia,KHM,2008,1
Cambodia,KHM,2013,0
Cameroon,CMR,1991,36
Cameroon,CMR,1992,6
Cameroon,CMR,1994,33
Cameroon,CMR,1995,5
Cameroon,CMR,1998,0
Cameroon,CMR,2007,31
Cameroon,CMR,2008,3
Cameroon,CMR,2009,0
Cameroon,CMR,2010,5
Cameroon,CMR,2011,4
Cameroon,CMR,2013,7
Cameroon,CMR,2014,789
Cameroon,CMR,2015,931
Cameroon,CMR,2016,269
Cameroon,CMR,2017,228
Canada,CAN,1970,1
Canada,CAN,1972,1
Canada,CAN,1974,0
Canada,CAN,1980,0
Canada,CAN,1982,1
Canada,CAN,1983,0
Canada,CAN,1985,331
Canada,CAN,1986,0
Canada,CAN,1989,15
Canada,CAN,1992,0
Canada,CAN,1994,0
Canada,CAN,1995,1
Canada,CAN,1996,0
Canada,CAN,1997,0
Canada,CAN,1998,1
Canada,CAN,1999,0
Canada,CAN,2000,0
Canada,CAN,2004,0
Canada,CAN,2006,0
Canada,CAN,2008,0
Canada,CAN,2009,0
Canada,CAN,2010,0
Canada,CAN,2012,0
Canada,CAN,2013,0
Canada,CAN,2014,7
Canada,CAN,2015,0
Canada,CAN,2016,1
Canada,CAN,2017,6
Central African Republic,CAF,1981,3
Central African Republic,CAF,1986,0
Central African Republic,CAF,1991,3
Central African Republic,CAF,1992,1
Central African Republic,CAF,1994,2
Central African Republic,CAF,1996,2
Central African Republic,CAF,2000,1
Central African Republic,CAF,2001,7
Central African Republic,CAF,2006,4
Central African Republic,CAF,2007,1
Central African Republic,CAF,2008,1
Central African Republic,CAF,2009,38
Central African Republic,CAF,2010,46
Central African Republic,CAF,2011,35
Central African Republic,CAF,2012,14
Central African Republic,CAF,2013,120
Central African Republic,CAF,2014,751
Central African Republic,CAF,2015,171
Central African Republic,CAF,2016,189
Central African Republic,CAF,2017,601
Central America & Caribbean,,1970,3
Central America & Caribbean,,1971,0
Central America & Caribbean,,1972,0
Central America & Caribbean,,1973,0
Central America & Caribbean,,1974,0
Central America & Caribbean,,1975,36
Central America & Caribbean,,1976,84
Central America & Caribbean,,1977,36
Central America & Caribbean,,1978,164
Central America & Caribbean,,1979,536
Central America & Caribbean,,1980,2976
Central America & Caribbean,,1981,3151
Central America & Caribbean,,1982,3398
Central America & Caribbean,,1983,5554
Central America & Caribbean,,1984,5112
Central America & Caribbean,,1985,2734
Central America & Caribbean,,1986,755
Central America & Caribbean,,1987,1214
Central America & Caribbean,,1988,739
Central America & Caribbean,,1989,452
Central America & Caribbean,,1990,406
Central America & Caribbean,,1991,714
Central America & Caribbean,,1992,112
Central America & Caribbean,,1994,184
Central America & Caribbean,,1995,81
Central America & Caribbean,,1996,88
Central America & Caribbean,,1997,73
Central America & Caribbean,,1998,0
Central America & Caribbean,,1999,6
Central America & Caribbean,,2000,11
Central America & Caribbean,,2001,2
Central America & Caribbean,,2002,0
Central America & Caribbean,,2003,5
Central America & Caribbean,,2004,38
Central America & Caribbean,,2005,1
Central America & Caribbean,,2006,7
Central America & Caribbean,,2007,2
Central America & Caribbean,,2008,0
Central America & Caribbean,,2009,3
Central America & Caribbean,,2010,0
Central America & Caribbean,,2011,2
Central America & Caribbean,,2012,2
Central America & Caribbean,,2013,9
Central America & Caribbean,,2014,5
Central America & Caribbean,,2015,0
Central America & Caribbean,,2016,9
Central America & Caribbean,,2017,4
Central Asia,,1970,0
Central Asia,,1971,0
Central Asia,,1972,0
Central Asia,,1973,0
Central Asia,,1974,0
Central Asia,,1975,0
Central Asia,,1976,0
Central Asia,,1977,0
Central Asia,,1978,0
Central Asia,,1979,0
Central Asia,,1980,0
Central Asia,,1981,0
Central Asia,,1982,0
Central Asia,,1983,0
Central Asia,,1984,0
Central Asia,,1985,0
Central Asia,,1986,0
Central Asia,,1987,0
Central Asia,,1988,0
Central Asia,,1989,0
Central Asia,,1990,0
Central Asia,,1991,28
Central Asia,,1992,320
Central Asia,,1994,122
Central Asia,,1995,94
Central Asia,,1996,56
Central Asia,,1997,81
Central Asia,,1998,61
Central Asia,,1999,35
Central Asia,,2000,18
Central Asia,,2001,16
Central Asia,,2002,3
Central Asia,,2003,1
Central Asia,,2004,36
Central Asia,,2005,18
Central Asia,,2006,6
Central Asia,,2007,1
Central Asia,,2008,20
Central Asia,,2009,10
Central Asia,,2010,8
Central Asia,,2011,13
Central Asia,,2012,6
Central Asia,,2013,2
Central Asia,,2014,5
Central Asia,,2015,13
Central Asia,,2016,21
Central Asia,,2017,6
Chad,TCD,1974,0
Chad,TCD,1984,0
Chad,TCD,1985,0
Chad,TCD,1986,0
Chad,TCD,1991,40
Chad,TCD,1992,170
Chad,TCD,1994,1
Chad,TCD,1995,0
Chad,TCD,1996,1
Chad,TCD,1997,2
Chad,TCD,1998,0
Chad,TCD,1999,77
Chad,TCD,2002,21
Chad,TCD,2006,103
Chad,TCD,2007,136
Chad,TCD,2008,172
Chad,TCD,2009,0
Chad,TCD,2010,0
Chad,TCD,2014,6
Chad,TCD,2015,306
Chad,TCD,2016,22
Chad,TCD,2017,62
Chile,CHL,1973,0
Chile,CHL,1976,0
Chile,CHL,1977,0
Chile,CHL,1978,0
Chile,CHL,1979,6
Chile,CHL,1980,6
Chile,CHL,1981,19
Chile,CHL,1982,2
Chile,CHL,1983,15
Chile,CHL,1984,37
Chile,CHL,1985,30
Chile,CHL,1986,22
Chile,CHL,1987,9
Chile,CHL,1988,19
Chile,CHL,1989,19
Chile,CHL,1990,8
Chile,CHL,1991,16
Chile,CHL,1992,12
Chile,CHL,1994,0
Chile,CHL,1995,1
Chile,CHL,1996,2
Chile,CHL,1997,0
Chile,CHL,1998,0
Chile,CHL,1999,0
Chile,CHL,2000,0
Chile,CHL,2001,0
Chile,CHL,2002,0
Chile,CHL,2003,0
Chile,CHL,2006,0
Chile,CHL,2007,0
Chile,CHL,2008,0
Chile,CHL,2009,0
Chile,CHL,2010,0
Chile,CHL,2011,0
Chile,CHL,2012,0
Chile,CHL,2013,2
Chile,CHL,2014,1
Chile,CHL,2015,0
Chile,CHL,2016,2
Chile,CHL,2017,0
China,CHN,1989,20
China,CHN,1990,2
China,CHN,1991,0
China,CHN,1992,9
China,CHN,1994,18
China,CHN,1995,6
China,CHN,1996,23
China,CHN,1997,37
China,CHN,1998,50
China,CHN,1999,5
China,CHN,2000,1
China,CHN,2001,7
China,CHN,2002,1
China,CHN,2003,1
China,CHN,2004,4
China,CHN,2005,12
China,CHN,2008,39
China,CHN,2009,186
China,CHN,2010,7
China,CHN,2011,19
China,CHN,2012,27
China,CHN,2013,60
China,CHN,2014,322
China,CHN,2015,123
China,CHN,2016,13
China,CHN,2017,16
Colombia,COL,1970,0
Colombia,COL,1972,1
Colombia,COL,1973,0
Colombia,COL,1975,7
Colombia,COL,1976,10
Colombia,COL,1977,38
Colombia,COL,1978,71
Colombia,COL,1979,156
Colombia,COL,1980,159
Colombia,COL,1981,365
Colombia,COL,1982,368
Colombia,COL,1983,437
Colombia,COL,1984,485
Colombia,COL,1985,935
Colombia,COL,1986,771
Colombia,COL,1987,655
Colombia,COL,1988,1096
Colombia,COL,1989,751
Colombia,COL,1990,694
Colombia,COL,1991,742
Colombia,COL,1992,631
Colombia,COL,1994,218
Colombia,COL,1995,521
Colombia,COL,1996,611
Colombia,COL,1997,1230
Colombia,COL,1998,592
Colombia,COL,1999,262
Colombia,COL,2000,426
Colombia,COL,2001,576
Colombia,COL,2002,356
Colombia,COL,2003,184
Colombia,COL,2004,83
Colombia,COL,2005,145
Colombia,COL,2006,79
Colombia,COL,2007,64
Colombia,COL,2008,85
Colombia,COL,2009,107
Colombia,COL,2010,56
Colombia,COL,2011,43
Colombia,COL,2012,168
Colombia,COL,2013,137
Colombia,COL,2014,143
Colombia,COL,2015,104
Colombia,COL,2016,52
Colombia,COL,2017,84
Comoros,COM,1992,1
Comoros,COM,1994,0
Comoros,COM,1997,0
Congo,COG,1972,0
Congo,COG,1977,0
Congo,COG,1982,15
Congo,COG,1990,0
Congo,COG,1994,12
Congo,COG,1996,0
Congo,COG,1997,2
Congo,COG,1999,107
Congo,COG,2001,0
Congo,COG,2002,17
Congo,COG,2003,11
Congo,COG,2013,2
Congo,COG,2016,31
Costa Rica,CRI,1971,0
Costa Rica,CRI,1976,0
Costa Rica,CRI,1977,0
Costa Rica,CRI,1978,0
Costa Rica,CRI,1979,3
Costa Rica,CRI,1980,0
Costa Rica,CRI,1981,4
Costa Rica,CRI,1982,4
Costa Rica,CRI,1983,0
Costa Rica,CRI,1984,0
Costa Rica,CRI,1985,0
Costa Rica,CRI,1986,0
Costa Rica,CRI,1987,0
Costa Rica,CRI,1988,0
Costa Rica,CRI,1989,1
Costa Rica,CRI,1990,0
Costa Rica,CRI,1991,0
Costa Rica,CRI,1992,0
Costa Rica,CRI,1994,1
Costa Rica,CRI,1996,1
Costa Rica,CRI,1997,2
Costa Rica,CRI,2001,1
Cote d'Ivoire,CIV,1992,1
Cote d'Ivoire,CIV,1994,5
Cote d'Ivoire,CIV,1995,40
Cote d'Ivoire,CIV,1996,5
Cote d'Ivoire,CIV,1997,0
Cote d'Ivoire,CIV,2000,4
Cote d'Ivoire,CIV,2001,12
Cote d'Ivoire,CIV,2002,3
Cote d'Ivoire,CIV,2004,12
Cote d'Ivoire,CIV,2005,41
Cote d'Ivoire,CIV,2006,20
Cote d'Ivoire,CIV,2007,0
Cote d'Ivoire,CIV,2010,10
Cote d'Ivoire,CIV,2011,23
Cote d'Ivoire,CIV,2012,45
Cote d'Ivoire,CIV,2013,4
Cote d'Ivoire,CIV,2014,4
Cote d'Ivoire,CIV,2015,14
Cote d'Ivoire,CIV,2016,22
Cote d'Ivoire,CIV,2017,3
Croatia,HRV,1991,237
Croatia,HRV,1992,2
Croatia,HRV,1994,3
Croatia,HRV,1995,1
Croatia,HRV,1996,0
Croatia,HRV,1997,2
Croatia,HRV,2000,3
Croatia,HRV,2001,0
Croatia,HRV,2005,0
Croatia,HRV,2008,0
Croatia,HRV,2009,0
Croatia,HRV,2013,0
Cuba,CUB,1991,0
Cuba,CUB,1992,3
Cuba,CUB,1994,3
Cuba,CUB,1996,0
Cuba,CUB,1997,1
Cuba,CUB,2007,1
Cyprus,CYP,1973,1
Cyprus,CYP,1975,0
Cyprus,CYP,1977,0
Cyprus,CYP,1978,16
Cyprus,CYP,1979,2
Cyprus,CYP,1980,3
Cyprus,CYP,1981,0
Cyprus,CYP,1982,0
Cyprus,CYP,1983,0
Cyprus,CYP,1984,6
Cyprus,CYP,1985,3
Cyprus,CYP,1986,1
Cyprus,CYP,1987,1
Cyprus,CYP,1988,6
Cyprus,CYP,1989,1
Cyprus,CYP,1990,0
Cyprus,CYP,1991,0
Cyprus,CYP,1992,0
Cyprus,CYP,1994,2
Cyprus,CYP,1995,0
Cyprus,CYP,1996,3
Cyprus,CYP,1998,0
Cyprus,CYP,1999,0
Cyprus,CYP,2000,0
Cyprus,CYP,2001,0
Cyprus,CYP,2004,0
Cyprus,CYP,2007,0
Cyprus,CYP,2012,0
Cyprus,CYP,2013,0
Cyprus,CYP,2014,0
Cyprus,CYP,2015,0
Cyprus,CYP,2016,0
Czech Republic,CZE,1994,0
Czech Republic,CZE,1995,1
Czech Republic,CZE,1996,2
Czech Republic,CZE,1997,1
Czech Republic,CZE,2001,0
Czech Republic,CZE,2003,0
Czech Republic,CZE,2008,0
Czech Republic,CZE,2009,0
Czech Republic,CZE,2011,0
Czech Republic,CZE,2013,1
Czech Republic,CZE,2014,1
Czech Republic,CZE,2015,0
Czech Republic,CZE,2016,0
Czech Republic,CZE,2017,0
Czechoslovakia,OWID_CZS,1972,26
Czechoslovakia,OWID_CZS,1989,0
Czechoslovakia,OWID_CZS,1990,0
Czechoslovakia,OWID_CZS,1991,1
Czechoslovakia,OWID_CZS,1992,0
Democratic Republic of Congo,COD,1997,8
Democratic Republic of Congo,COD,1998,67
Democratic Republic of Congo,COD,1999,7
Democratic Republic of Congo,COD,2000,40
Democratic Republic of Congo,COD,2001,15
Democratic Republic of Congo,COD,2002,16
Democratic Republic of Congo,COD,2003,154
Democratic Republic of Congo,COD,2004,22
Democratic Republic of Congo,COD,2005,31
Democratic Republic of Congo,COD,2006,23
Democratic Republic of Congo,COD,2007,72
Democratic Republic of Congo,COD,2008,319
Democratic Republic of Congo,COD,2009,824
Democratic Republic of Congo,COD,2010,118
Democratic Republic of Congo,COD,2011,50
Democratic Republic of Congo,COD,2012,288
Democratic Republic of Congo,COD,2013,150
Democratic Republic of Congo,COD,2014,366
Democratic Republic of Congo,COD,2015,371
Democratic Republic of Congo,COD,2016,532
Democratic Republic of Congo,COD,2017,596
Denmark,DNK,1978,0
Denmark,DNK,1979,0
Denmark,DNK,1980,0
Denmark,DNK,1981,0
Denmark,DNK,1985,1
Denmark,DNK,1986,0
Denmark,DNK,1987,0
Denmark,DNK,1988,0
Denmark,DNK,1989,0
Denmark,DNK,1991,0
Denmark,DNK,1992,1
Denmark,DNK,1995,0
Denmark,DNK,1999,0
Denmark,DNK,2008,0
Denmark,DNK,2010,0
Denmark,DNK,2013,0
Denmark,DNK,2015,2
Denmark,DNK,2016,1
Djibouti,DJI,1977,1
Djibouti,DJI,1979,4
Djibouti,DJI,1987,10
Djibouti,DJI,1988,0
Djibouti,DJI,1990,1
Djibouti,DJI,1991,8
Djibouti,DJI,1992,228
Djibouti,DJI,1994,6
Djibouti,DJI,1995,0
Djibouti,DJI,1997,11
Djibouti,DJI,2004,0
Djibouti,DJI,2014,5
Djibouti,DJI,2015,0
Djibouti,DJI,2017,0
Dominica,DMA,1981,3
Dominica,DMA,1997,0
Dominican Republic,DOM,1970,1
Dominican Republic,DOM,1971,0
Dominican Republic,DOM,1973,0
Dominican Republic,DOM,1974,0
Dominican Republic,DOM,1978,3
Dominican Republic,DOM,1979,1
Dominican Republic,DOM,1980,1
Dominican Republic,DOM,1982,5
Dominican Republic,DOM,1987,7
Dominican Republic,DOM,1988,0
Dominican Republic,DOM,1989,1
Dominican Republic,DOM,1990,3
Dominican Republic,DOM,1991,1
Dominican Republic,DOM,1992,1
Dominican Republic,DOM,1994,2
Dominican Republic,DOM,1996,3
Dominican Republic,DOM,1997,3
Dominican Republic,DOM,2013,0
Dominican Republic,DOM,2014,0
Dominican Republic,DOM,2017,2
East Asia,,1970,0
East Asia,,1971,25
East Asia,,1972,0
East Asia,,1973,0
East Asia,,1974,1
East Asia,,1975,0
East Asia,,1976,2
East Asia,,1977,0
East Asia,,1978,4
East Asia,,1979,5
East Asia,,1980,0
East Asia,,1981,0
East Asia,,1982,1
East Asia,,1983,3
East Asia,,1984,0
East Asia,,1985,2
East Asia,,1986,8
East Asia,,1987,1
East Asia,,1988,0
East Asia,,1989,22
East Asia,,1990,4
East Asia,,1991,8
East Asia,,1992,27
East Asia,,1994,34
East Asia,,1995,21
East Asia,,1996,32
East Asia,,1997,38
East Asia,,1998,50
East Asia,,1999,5
East Asia,,2000,1
East Asia,,2001,9
East Asia,,2002,1
East Asia,,2003,1
East Asia,,2004,4
East Asia,,2005,12
East Asia,,2006,0
East Asia,,2007,0
East Asia,,2008,39
East Asia,,2009,186
East Asia,,2010,7
East Asia,,2011,19
East Asia,,2012,27
East Asia,,2013,60
East Asia,,2014,322
East Asia,,2015,123
East Asia,,2016,32
East Asia,,2017,16
East Germany (GDR),,1970,0
East Germany (GDR),,1971,0
East Germany (GDR),,1974,1
East Germany (GDR),,1977,0
East Germany (GDR),,1978,0
East Germany (GDR),,1982,0
East Germany (GDR),,1983,0
East Germany (GDR),,1984,0
East Germany (GDR),,1985,0
East Germany (GDR),,1986,1
East Germany (GDR),,1987,0
East Germany (GDR),,1988,0
East Germany (GDR),,1989,0
East Germany (GDR),,1990,0
East Timor,,2000,1
East Timor,,2003,5
East Timor,,2005,0
East Timor,,2007,1
East Timor,,2008,2
Eastern Europe,,1970,0
Eastern Europe,,1971,0
Eastern Europe,,1972,26
Eastern Europe,,1973,1
Eastern Europe,,1974,1
Eastern Europe,,1975,0
Eastern Europe,,1976,0
Eastern Europe,,1977,1
Eastern Europe,,1978,4
Eastern Europe,,1979,0
Eastern Europe,,1980,0
Eastern Europe,,1981,0
Eastern Europe,,1982,2
Eastern Europe,,1983,2
Eastern Europe,,1984,3
Eastern Europe,,1985,2
Eastern Europe,,1986,1
Eastern Europe,,1987,0
Eastern Europe,,1988,0
Eastern Europe,,1989,6
Eastern Europe,,1990,59
Eastern Europe,,1991,273
Eastern Europe,,1992,110
Eastern Europe,,1994,49
Eastern Europe,,1995,158
Eastern Europe,,1996,167
Eastern Europe,,1997,115
Eastern Europe,,1998,109
Eastern Europe,,1999,440
Eastern Europe,,2000,402
Eastern Europe,,2001,294
Eastern Europe,,2002,518
Eastern Europe,,2003,337
Eastern Europe,,2004,608
Eastern Europe,,2005,158
Eastern Europe,,2006,59
Eastern Europe,,2007,57
Eastern Europe,,2008,101
Eastern Europe,,2009,143
Eastern Europe,,2010,235
Eastern Europe,,2011,174
Eastern Europe,,2012,179
Eastern Europe,,2013,151
Eastern Europe,,2014,1467
Eastern Europe,,2015,790
Eastern Europe,,2016,112
Eastern Europe,,2017,101
Ecuador,ECU,1973,0
Ecuador,ECU,1974,0
Ecuador,ECU,1976,1
Ecuador,ECU,1977,1
Ecuador,ECU,1978,2
Ecuador,ECU,1979,0
Ecuador,ECU,1980,2
Ecuador,ECU,1981,2
Ecuador,ECU,1982,1
Ecuador,ECU,1983,0
Ecuador,ECU,1984,1
Ecuador,ECU,1985,4
Ecuador,ECU,1986,13
Ecuador,ECU,1987,0
Ecuador,ECU,1988,4
Ecuador,ECU,1989,9
Ecuador,ECU,1990,3
Ecuador,ECU,1991,0
Ecuador,ECU,1992,2
Ecuador,ECU,1994,0
Ecuador,ECU,1995,4
Ecuador,ECU,1996,2
Ecuador,ECU,1997,1
Ecuador,ECU,1998,0
Ecuador,ECU,1999,0
Ecuador,ECU,2000,0
Ecuador,ECU,2001,0
Ecuador,ECU,2002,0
Ecuador,ECU,2003,0
Ecuador,ECU,2004,0
Ecuador,ECU,2008,0
Ecuador,ECU,2009,0
Ecuador,ECU,2011,0
Ecuador,ECU,2012,0
Ecuador,ECU,2013,1
Ecuador,ECU,2015,0
Ecuador,ECU,2016,1
Ecuador,ECU,2017,0
Egypt,EGY,1970,0
Egypt,EGY,1971,1
Egypt,EGY,1972,0
Egypt,EGY,1977,1
Egypt,EGY,1978,2
Egypt,EGY,1979,1
Egypt,EGY,1980,1
Egypt,EGY,1981,67
Egypt,EGY,1982,0
Egypt,EGY,1985,2
Egypt,EGY,1986,12
Egypt,EGY,1987,1
Egypt,EGY,1988,1
Egypt,EGY,1989,1
Egypt,EGY,1990,21
Egypt,EGY,1991,8
Egypt,EGY,1992,49
Egypt,EGY,1994,173
Egypt,EGY,1995,134
Egypt,EGY,1996,97
Egypt,EGY,1997,165
Egypt,EGY,1998,9
Egypt,EGY,1999,1
Egypt,EGY,2004,37
Egypt,EGY,2005,92
Egypt,EGY,2006,19
Egypt,EGY,2008,0
Egypt,EGY,2009,1
Egypt,EGY,2010,0
Egypt,EGY,2011,28
Egypt,EGY,2012,44
Egypt,EGY,2013,243
Egypt,EGY,2014,343
Egypt,EGY,2015,829
Egypt,EGY,2016,609
Egypt,EGY,2017,877
El Salvador,SLV,1972,0
El Salvador,SLV,1973,0
El Salvador,SLV,1974,0
El Salvador,SLV,1975,2
El Salvador,SLV,1976,3
El Salvador,SLV,1977,4
El Salvador,SLV,1978,33
El Salvador,SLV,1979,286
El Salvador,SLV,1980,2383
El Salvador,SLV,1981,1578
El Salvador,SLV,1982,1549
El Salvador,SLV,1983,1667
El Salvador,SLV,1984,1315
El Salvador,SLV,1985,1013
El Salvador,SLV,1986,293
El Salvador,SLV,1987,421
El Salvador,SLV,1988,361
El Salvador,SLV,1989,350
El Salvador,SLV,1990,294
El Salvador,SLV,1991,426
El Salvador,SLV,1992,23
El Salvador,SLV,1994,22
El Salvador,SLV,1995,3
El Salvador,SLV,1996,26
El Salvador,SLV,1997,1
Equatorial Guinea,GNQ,1992,1
Equatorial Guinea,GNQ,2009,1
Eritrea,ERI,1995,0
Eritrea,ERI,1996,6
Eritrea,ERI,2007,0
Eritrea,ERI,2008,4
Eritrea,ERI,2009,2
Eritrea,ERI,2010,17
Eritrea,ERI,2011,17
Estonia,EST,1992,0
Estonia,EST,1994,0
Estonia,EST,1995,0
Estonia,EST,1996,1
Estonia,EST,1999,0
Estonia,EST,2001,1
Estonia,EST,2011,1
Estonia,EST,2015,0
Ethiopia,ETH,1970,1
Ethiopia,ETH,1971,0
Ethiopia,ETH,1973,0
Ethiopia,ETH,1974,3
Ethiopia,ETH,1975,0
Ethiopia,ETH,1976,0
Ethiopia,ETH,1977,5
Ethiopia,ETH,1978,25
Ethiopia,ETH,1979,101
Ethiopia,ETH,1983,0
Ethiopia,ETH,1984,200
Ethiopia,ETH,1985,0
Ethiopia,ETH,1986,40
Ethiopia,ETH,1987,0
Ethiopia,ETH,1988,0
Ethiopia,ETH,1989,1
Ethiopia,ETH,1990,17
Ethiopia,ETH,1991,161
Ethiopia,ETH,1992,330
Ethiopia,ETH,1994,6
Ethiopia,ETH,1995,5
Ethiopia,ETH,1996,133
Ethiopia,ETH,1997,8
Ethiopia,ETH,1999,2
Ethiopia,ETH,2000,3
Ethiopia,ETH,2002,1
Ethiopia,ETH,2003,2
Ethiopia,ETH,2004,1
Ethiopia,ETH,2005,9
Ethiopia,ETH,2006,12
Ethiopia,ETH,2007,204
Ethiopia,ETH,2008,27
Ethiopia,ETH,2009,13
Ethiopia,ETH,2010,8
Ethiopia,ETH,2011,2
Ethiopia,ETH,2012,25
Ethiopia,ETH,2013,17
Ethiopia,ETH,2014,9
Ethiopia,ETH,2015,48
Ethiopia,ETH,2016,279
Ethiopia,ETH,2017,67
Falkland Islands,FLK,1983,0
Fiji,FJI,1987,0
Fiji,FJI,1989,0
Fiji,FJI,1991,0
Fiji,FJI,1992,1
Fiji,FJI,1999,0
Fiji,FJI,2000,7
Fiji,FJI,2001,0
Finland,FIN,1986,0
Finland,FIN,1992,0
Finland,FIN,1994,0
Finland,FIN,1995,0
Finland,FIN,2007,9
Finland,FIN,2008,0
Finland,FIN,2015,0
Finland,FIN,2016,0
Finland,FIN,2017,2
France,FRA,1972,1
France,FRA,1973,5
France,FRA,1974,3
France,FRA,1975,3
France,FRA,1976,7
France,FRA,1977,3
France,FRA,1978,21
France,FRA,1979,11
France,FRA,1980,20
France,FRA,1981,8
France,FRA,1982,17
France,FRA,1983,20
France,FRA,1984,15
France,FRA,1985,17
France,FRA,1986,25
France,FRA,1987,5
France,FRA,1988,6
France,FRA,1989,3
France,FRA,1990,3
France,FRA,1991,6
France,FRA,1992,9
France,FRA,1994,7
France,FRA,1995,19
France,FRA,1996,18
France,FRA,1997,0
France,FRA,1998,1
France,FRA,1999,0
France,FRA,2000,4
France,FRA,2001,0
France,FRA,2002,0
France,FRA,2003,0
France,FRA,2004,0
France,FRA,2005,0
France,FRA,2006,1
France,FRA,2007,3
France,FRA,2008,0
France,FRA,2009,0
France,FRA,2010,0
France,FRA,2011,0
France,FRA,2012,8
France,FRA,2013,0
France,FRA,2014,1
France,FRA,2015,162
France,FRA,2016,95
France,FRA,2017,7
French Guiana,GUF,1983,1
French Guiana,GUF,1996,0
French Guiana,GUF,1997,0
French Polynesia,PYF,1995,0
Gabon,GAB,1979,2
Gabon,GAB,1994,0
Gabon,GAB,1996,0
Gabon,GAB,1997,4
Gabon,GAB,2017,0
Gambia,GMB,1994,13
Gambia,GMB,1995,0
Gambia,GMB,2000,0
Georgia,GEO,1991,2
Georgia,GEO,1992,109
Georgia,GEO,1994,29
Georgia,GEO,1995,14
Georgia,GEO,1996,2
Georgia,GEO,1997,35
Georgia,GEO,1998,32
Georgia,GEO,1999,5
Georgia,GEO,2000,3
Georgia,GEO,2001,6
Georgia,GEO,2002,1
Georgia,GEO,2003,0
Georgia,GEO,2004,0
Georgia,GEO,2005,8
Georgia,GEO,2006,5
Georgia,GEO,2008,13
Georgia,GEO,2009,5
Georgia,GEO,2010,4
Georgia,GEO,2011,1
Georgia,GEO,2012,1
Georgia,GEO,2013,2
Georgia,GEO,2014,0
Georgia,GEO,2015,0
Georgia,GEO,2016,1
Georgia,GEO,2017,0
Germany,DEU,1990,0
Germany,DEU,1991,10
Germany,DEU,1992,17
Germany,DEU,1994,2
Germany,DEU,1995,10
Germany,DEU,1996,1
Germany,DEU,1997,0
Germany,DEU,1998,0
Germany,DEU,1999,3
Germany,DEU,2000,1
Germany,DEU,2001,3
Germany,DEU,2002,0
Germany,DEU,2003,0
Germany,DEU,2004,1
Germany,DEU,2005,2
Germany,DEU,2006,2
Germany,DEU,2007,1
Germany,DEU,2008,0
Germany,DEU,2009,0
Germany,DEU,2010,0
Germany,DEU,2011,2
Germany,DEU,2012,0
Germany,DEU,2014,0
Germany,DEU,2015,1
Germany,DEU,2016,27
Germany,DEU,2017,1
Ghana,GHA,1987,0
Ghana,GHA,1992,0
Ghana,GHA,1994,13
Ghana,GHA,1995,2
Ghana,GHA,1996,3
Ghana,GHA,1997,1
Ghana,GHA,2014,0
Ghana,GHA,2016,0
Greece,GRC,1970,2
Greece,GRC,1971,0
Greece,GRC,1972,0
Greece,GRC,1973,5
Greece,GRC,1974,92
Greece,GRC,1975,1
Greece,GRC,1976,14
Greece,GRC,1977,1
Greece,GRC,1978,0
Greece,GRC,1979,1
Greece,GRC,1980,5
Greece,GRC,1981,3
Greece,GRC,1982,2
Greece,GRC,1983,4
Greece,GRC,1984,5
Greece,GRC,1985,64
Greece,GRC,1986,6
Greece,GRC,1987,2
Greece,GRC,1988,14
Greece,GRC,1989,4
Greece,GRC,1990,2
Greece,GRC,1991,15
Greece,GRC,1992,2
Greece,GRC,1994,3
Greece,GRC,1995,0
Greece,GRC,1996,0
Greece,GRC,1997,1
Greece,GRC,1998,0
Greece,GRC,1999,1
Greece,GRC,2000,1
Greece,GRC,2001,0
Greece,GRC,2002,0
Greece,GRC,2003,0
Greece,GRC,2004,0
Greece,GRC,2005,0
Greece,GRC,2006,0
Greece,GRC,2007,0
Greece,GRC,2008,0
Greece,GRC,2009,1
Greece,GRC,2010,4
Greece,GRC,2011,0
Greece,GRC,2012,0
Greece,GRC,2013,3
Greece,GRC,2014,0
Greece,GRC,2015,1
Greece,GRC,2016,66
Greece,GRC,2017,0
Grenada,GRD,1980,9
Grenada,GRD,1983,0
Guadeloupe,GLP,1980,1
Guadeloupe,GLP,1981,0
Guadeloupe,GLP,1983,0
Guadeloupe,GLP,1984,4
Guadeloupe,GLP,1985,2
Guadeloupe,GLP,1986,0
Guadeloupe,GLP,1988,0
Guadeloupe,GLP,1991,1
Guatemala,GTM,1970,2
Guatemala,GTM,1971,0
Guatemala,GTM,1974,0
Guatemala,GTM,1975,23
Guatemala,GTM,1976,8
Guatemala,GTM,1977,6
Guatemala,GTM,1978,35
Guatemala,GTM,1979,53
Guatemala,GTM,1980,528
Guatemala,GTM,1981,1381
Guatemala,GTM,1982,1562
Guatemala,GTM,1983,530
Guatemala,GTM,1984,171
Guatemala,GTM,1985,137
Guatemala,GTM,1986,54
Guatemala,GTM,1987,211
Guatemala,GTM,1988,135
Guatemala,GTM,1989,43
Guatemala,GTM,1990,68
Guatemala,GTM,1991,73
Guatemala,GTM,1992,28
Guatemala,GTM,1994,22
Guatemala,GTM,1995,40
Guatemala,GTM,1996,14
Guatemala,GTM,1997,22
Guatemala,GTM,1999,3
Guatemala,GTM,2000,2
Guatemala,GTM,2001,1
Guatemala,GTM,2003,1
Guatemala,GTM,2004,3
Guatemala,GTM,2006,5
Guatemala,GTM,2012,2
Guatemala,GTM,2013,4
Guinea,GIN,1980,1
Guinea,GIN,1992,0
Guinea,GIN,1994,2
Guinea,GIN,1996,2
Guinea,GIN,2000,206
Guinea,GIN,2005,0
Guinea,GIN,2013,0
Guinea,GIN,2015,1
Guinea,GIN,2016,1
Guinea-Bissau,GNB,2001,0
Guinea-Bissau,GNB,2003,1
Guinea-Bissau,GNB,2005,3
Guinea-Bissau,GNB,2006,11
Guinea-Bissau,GNB,2009,1
Guinea-Bissau,GNB,2012,1
Guyana,GUY,1978,5
Guyana,GUY,1979,1
Guyana,GUY,1980,1
Guyana,GUY,1981,1
Guyana,GUY,1990,0
Guyana,GUY,1992,0
Guyana,GUY,1997,0
Guyana,GUY,1998,0
Guyana,GUY,2001,0
Guyana,GUY,2002,4
Guyana,GUY,2003,0
Guyana,GUY,2006,6
Guyana,GUY,2008,23
Guyana,GUY,2016,0
Haiti,HTI,1973,0
Haiti,HTI,1974,0
Haiti,HTI,1983,5
Haiti,HTI,1987,4
Haiti,HTI,1988,3
Haiti,HTI,1989,0
Haiti,HTI,1990,13
Haiti,HTI,1991,137
Haiti,HTI,1992,18
Haiti,HTI,1994,87
Haiti,HTI,1995,16
Haiti,HTI,1996,14
Haiti,HTI,1997,9
Haiti,HTI,1998,0
Haiti,HTI,1999,3
Haiti,HTI,2000,5
Haiti,HTI,2001,0
Haiti,HTI,2002,0
Haiti,HTI,2003,4
Haiti,HTI,2004,7
Haiti,HTI,2005,1
Haiti,HTI,2006,2
Haiti,HTI,2007,1
Haiti,HTI,2016,7
Honduras,HND,1973,0
Honduras,HND,1979,1
Honduras,HND,1980,6
Honduras,HND,1981,7
Honduras,HND,1982,24
Honduras,HND,1983,75
Honduras,HND,1984,5
Honduras,HND,1985,7
Honduras,HND,1986,10
Honduras,HND,1987,21
Honduras,HND,1988,32
Honduras,HND,1989,9
Honduras,HND,1990,3
Honduras,HND,1991,18
Honduras,HND,1992,5
Honduras,HND,1994,10
Honduras,HND,1995,8
Honduras,HND,1996,11
Honduras,HND,1997,14
Honduras,HND,2002,0
Honduras,HND,2004,28
Honduras,HND,2009,2
Honduras,HND,2011,2
Honduras,HND,2013,5
Honduras,HND,2014,0
Honduras,HND,2016,2
Honduras,HND,2017,2
Hong Kong,HKG,1980,0
Hong Kong,HKG,1981,0
Hong Kong,HKG,1989,0
Hong Kong,HKG,1990,0
Hong Kong,HKG,1991,0
Hong Kong,HKG,1992,1
Hong Kong,HKG,1994,3
Hong Kong,HKG,1995,0
Hong Kong,HKG,1996,0
Hong Kong,HKG,2000,0
Hong Kong,HKG,2001,0
Hong Kong,HKG,2005,0
Hong Kong,HKG,2008,0
Hungary,HUN,1989,0
Hungary,HUN,1991,0
Hungary,HUN,1992,0
Hungary,HUN,1994,0
Hungary,HUN,1996,0
Hungary,HUN,1997,3
Hungary,HUN,1998,0
Hungary,HUN,2001,1
Hungary,HUN,2008,0
Hungary,HUN,2009,2
Hungary,HUN,2014,0
Hungary,HUN,2015,0
Hungary,HUN,2016,0
Iceland,ISL,1983,0
Iceland,ISL,1986,0
Iceland,ISL,2012,0
Iceland,ISL,2014,0
India,IND,1972,0
India,IND,1975,4
India,IND,1976,0
India,IND,1977,0
India,IND,1979,31
India,IND,1980,17
India,IND,1981,24
India,IND,1982,64
India,IND,1983,59
India,IND,1984,195
India,IND,1985,51
India,IND,1986,340
India,IND,1987,506
India,IND,1988,966
India,IND,1989,874
India,IND,1990,907
India,IND,1991,1113
India,IND,1992,1152
India,IND,1994,389
India,IND,1995,361
India,IND,1996,569
India,IND,1997,853
India,IND,1998,398
India,IND,1999,469
India,IND,2000,671
India,IND,2001,660
India,IND,2002,599
India,IND,2003,472
India,IND,2004,334
India,IND,2005,466
India,IND,2006,722
India,IND,2007,626
India,IND,2008,824
India,IND,2009,774
India,IND,2010,812
India,IND,2011,499
India,IND,2012,264
India,IND,2013,467
India,IND,2014,490
India,IND,2015,387
India,IND,2016,467
India,IND,2017,465
Indonesia,IDN,1977,1
Indonesia,IDN,1978,0
Indonesia,IDN,1981,4
Indonesia,IDN,1984,2
Indonesia,IDN,1985,7
Indonesia,IDN,1986,0
Indonesia,IDN,1989,85
Indonesia,IDN,1990,12
Indonesia,IDN,1991,21
Indonesia,IDN,1992,33
Indonesia,IDN,1994,1
Indonesia,IDN,1995,41
Indonesia,IDN,1996,30
Indonesia,IDN,1997,102
Indonesia,IDN,1998,9
Indonesia,IDN,1999,67
Indonesia,IDN,2000,146
Indonesia,IDN,2001,134
Indonesia,IDN,2002,246
Indonesia,IDN,2003,26
Indonesia,IDN,2004,42
Indonesia,IDN,2005,66
Indonesia,IDN,2006,6
Indonesia,IDN,2007,0
Indonesia,IDN,2008,0
Indonesia,IDN,2009,15
Indonesia,IDN,2010,0
Indonesia,IDN,2011,20
Indonesia,IDN,2012,15
Indonesia,IDN,2013,23
Indonesia,IDN,2014,20
Indonesia,IDN,2015,22
Indonesia,IDN,2016,22
Indonesia,IDN,2017,20
International,,2002,1
Iran,IRN,1970,0
Iran,IRN,1971,4
Iran,IRN,1972,1
Iran,IRN,1973,1
Iran,IRN,1974,1
Iran,IRN,1975,8
Iran,IRN,1976,5
Iran,IRN,1977,2
Iran,IRN,1978,447
Iran,IRN,1979,57
Iran,IRN,1980,55
Iran,IRN,1981,224
Iran,IRN,1982,139
Iran,IRN,1983,0
Iran,IRN,1984,29
Iran,IRN,1985,22
Iran,IRN,1986,39
Iran,IRN,1987,0
Iran,IRN,1988,18
Iran,IRN,1989,14
Iran,IRN,1990,10
Iran,IRN,1991,2
Iran,IRN,1992,9
Iran,IRN,1994,74
Iran,IRN,1995,0
Iran,IRN,1996,3
Iran,IRN,1998,6
Iran,IRN,1999,4
Iran,IRN,2000,5
Iran,IRN,2001,0
Iran,IRN,2003,0
Iran,IRN,2005,13
Iran,IRN,2006,48
Iran,IRN,2007,24
Iran,IRN,2008,26
Iran,IRN,2009,97
Iran,IRN,2010,115
Iran,IRN,2011,18
Iran,IRN,2012,12
Iran,IRN,2013,39
Iran,IRN,2014,13
Iran,IRN,2015,38
Iran,IRN,2016,12
Iran,IRN,2017,39
Iraq,IRQ,1975,0
Iraq,IRQ,1976,12
Iraq,IRQ,1979,1
Iraq,IRQ,1980,8
Iraq,IRQ,1981,0
Iraq,IRQ,1982,96
Iraq,IRQ,1983,1
Iraq,IRQ,1984,0
Iraq,IRQ,1987,0
Iraq,IRQ,1988,43
Iraq,IRQ,1989,0
Iraq,IRQ,1991,1
Iraq,IRQ,1992,117
Iraq,IRQ,1994,75
Iraq,IRQ,1995,156
Iraq,IRQ,1996,11
Iraq,IRQ,1997,106
Iraq,IRQ,1998,19
Iraq,IRQ,1999,32
Iraq,IRQ,2000,10
Iraq,IRQ,2001,9
Iraq,IRQ,2002,10
Iraq,IRQ,2003,391
Iraq,IRQ,2004,2171
Iraq,IRQ,2005,3384
Iraq,IRQ,2006,4616
Iraq,IRQ,2007,6667
Iraq,IRQ,2008,2864
Iraq,IRQ,2009,2585
Iraq,IRQ,2010,2074
Iraq,IRQ,2011,1870
Iraq,IRQ,2012,2686
Iraq,IRQ,2013,7041
Iraq,IRQ,2014,13965
Iraq,IRQ,2015,8885
Iraq,IRQ,2016,12207
Iraq,IRQ,2017,6476
Ireland,IRL,1970,1
Ireland,IRL,1971,1
Ireland,IRL,1972,6
Ireland,IRL,1973,4
Ireland,IRL,1974,34
Ireland,IRL,1975,7
Ireland,IRL,1976,5
Ireland,IRL,1977,2
Ireland,IRL,1978,1
Ireland,IRL,1979,9
Ireland,IRL,1980,12
Ireland,IRL,1981,2
Ireland,IRL,1982,2
Ireland,IRL,1983,5
Ireland,IRL,1984,1
Ireland,IRL,1985,2
Ireland,IRL,1986,0
Ireland,IRL,1987,6
Ireland,IRL,1989,3
Ireland,IRL,1990,0
Ireland,IRL,1991,3
Ireland,IRL,1992,0
Ireland,IRL,1994,4
Ireland,IRL,1995,1
Ireland,IRL,1996,1
Ireland,IRL,1997,0
Ireland,IRL,1998,1
Ireland,IRL,1999,0
Ireland,IRL,2001,0
Ireland,IRL,2003,0
Ireland,IRL,2006,1
Ireland,IRL,2007,0
Ireland,IRL,2008,0
Ireland,IRL,2010,0
Ireland,IRL,2011,1
Ireland,IRL,2012,0
Ireland,IRL,2013,0
Ireland,IRL,2014,0
Ireland,IRL,2015,0
Ireland,IRL,2016,2
Ireland,IRL,2017,0
Israel,ISR,1971,1
Israel,ISR,1972,26
Israel,ISR,1973,2
Israel,ISR,1974,78
Israel,ISR,1975,24
Israel,ISR,1976,1
Israel,ISR,1977,5
Israel,ISR,1978,52
Israel,ISR,1979,64
Israel,ISR,1980,14
Israel,ISR,1981,3
Israel,ISR,1982,3
Israel,ISR,1983,16
Israel,ISR,1984,7
Israel,ISR,1985,12
Israel,ISR,1986,8
Israel,ISR,1987,11
Israel,ISR,1988,13
Israel,ISR,1989,43
Israel,ISR,1990,57
Israel,ISR,1991,31
Israel,ISR,1992,38
Israel,ISR,1994,60
Israel,ISR,1995,18
Israel,ISR,1996,73
Israel,ISR,1997,31
Israel,ISR,1998,19
Israel,ISR,1999,6
Israel,ISR,2000,11
Israel,ISR,2001,141
Israel,ISR,2002,337
Israel,ISR,2003,156
Israel,ISR,2004,59
Israel,ISR,2005,45
Israel,ISR,2006,57
Israel,ISR,2007,17
Israel,ISR,2008,34
Israel,ISR,2009,1
Israel,ISR,2010,4
Israel,ISR,2011,21
Israel,ISR,2012,14
Israel,ISR,2013,2
Israel,ISR,2014,49
Israel,ISR,2015,20
Israel,ISR,2016,16
Israel,ISR,2017,3
Italy,ITA,1970,0
Italy,ITA,1971,0
Italy,ITA,1972,1
Italy,ITA,1973,62
Italy,ITA,1974,23
Italy,ITA,1975,0
Italy,ITA,1976,9
Italy,ITA,1977,25
Italy,ITA,1978,26
Italy,ITA,1979,24
Italy,ITA,1980,134
Italy,ITA,1981,24
Italy,ITA,1982,12
Italy,ITA,1983,2
Italy,ITA,1984,23
Italy,ITA,1985,19
Italy,ITA,1986,1
Italy,ITA,1987,3
Italy,ITA,1988,6
Italy,ITA,1989,0
Italy,ITA,1990,0
Italy,ITA,1991,0
Italy,ITA,1992,17
Italy,ITA,1994,2
Italy,ITA,1995,0
Italy,ITA,1996,0
Italy,ITA,1997,0
Italy,ITA,1998,0
Italy,ITA,1999,1
Italy,ITA,2000,0
Italy,ITA,2001,0
Italy,ITA,2002,1
Italy,ITA,2003,0
Italy,ITA,2004,1
Italy,ITA,2005,1
Italy,ITA,2006,0
Italy,ITA,2008,0
Italy,ITA,2009,0
Italy,ITA,2010,0
Italy,ITA,2011,2
Italy,ITA,2012,0
Italy,ITA,2013,0
Italy,ITA,2014,0
Italy,ITA,2015,0
Italy,ITA,2016,1
Italy,ITA,2017,0
Jamaica,JAM,1974,0
Jamaica,JAM,1976,0
Jamaica,JAM,1979,4
Jamaica,JAM,1980,11
Jamaica,JAM,1981,5
Jamaica,JAM,1986,3
Jamaica,JAM,1991,0
Jamaica,JAM,1992,5
Jamaica,JAM,1994,2
Jamaica,JAM,1995,1
Jamaica,JAM,1996,1
Jamaica,JAM,1997,10
Jamaica,JAM,2007,0
Jamaica,JAM,2014,0
Jamaica,JAM,2017,0
Japan,JPN,1970,0
Japan,JPN,1973,0
Japan,JPN,1974,0
Japan,JPN,1975,0
Japan,JPN,1976,2
Japan,JPN,1977,0
Japan,JPN,1978,4
Japan,JPN,1979,5
Japan,JPN,1981,0
Japan,JPN,1982,0
Japan,JPN,1983,2
Japan,JPN,1984,0
Japan,JPN,1985,2
Japan,JPN,1986,3
Japan,JPN,1987,1
Japan,JPN,1988,0
Japan,JPN,1989,2
Japan,JPN,1990,2
Japan,JPN,1991,1
Japan,JPN,1992,0
Japan,JPN,1994,8
Japan,JPN,1995,15
Japan,JPN,1996,0
Japan,JPN,1997,0
Japan,JPN,1998,0
Japan,JPN,1999,0
Japan,JPN,2000,0
Japan,JPN,2001,0
Japan,JPN,2002,0
Japan,JPN,2003,0
Japan,JPN,2008,0
Japan,JPN,2009,0
Japan,JPN,2013,0
Japan,JPN,2014,0
Japan,JPN,2015,0
Japan,JPN,2016,19
Jordan,JOR,1970,1
Jordan,JOR,1971,0
Jordan,JOR,1972,2
Jordan,JOR,1973,0
Jordan,JOR,1976,9
Jordan,JOR,1980,1
Jordan,JOR,1981,0
Jordan,JOR,1982,0
Jordan,JOR,1983,0
Jordan,JOR,1984,1
Jordan,JOR,1988,0
Jordan,JOR,1990,0
Jordan,JOR,1991,1
Jordan,JOR,1992,1
Jordan,JOR,1994,0
Jordan,JOR,1995,1
Jordan,JOR,1996,0
Jordan,JOR,1997,0
Jordan,JOR,1998,0
Jordan,JOR,1999,0
Jordan,JOR,2000,0
Jordan,JOR,2001,1
Jordan,JOR,2002,3
Jordan,JOR,2005,62
Jordan,JOR,2006,1
Jordan,JOR,2010,1
Jordan,JOR,2012,1
Jordan,JOR,2013,0
Jordan,JOR,2014,1
Jordan,JOR,2015,7
Jordan,JOR,2016,35
Jordan,JOR,2017,4
Kazakhstan,KAZ,1992,9
Kazakhstan,KAZ,1994,0
Kazakhstan,KAZ,1997,2
Kazakhstan,KAZ,2000,2
Kazakhstan,KAZ,2001,0
Kazakhstan,KAZ,2008,2
Kazakhstan,KAZ,2011,12
Kazakhstan,KAZ,2012,2
Kazakhstan,KAZ,2013,0
Kazakhstan,KAZ,2016,10
Kenya,KEN,1975,27
Kenya,KEN,1976,0
Kenya,KEN,1978,4
Kenya,KEN,1980,15
Kenya,KEN,1989,4
Kenya,KEN,1991,0
Kenya,KEN,1992,155
Kenya,KEN,1994,40
Kenya,KEN,1995,2
Kenya,KEN,1996,2
Kenya,KEN,1997,36
Kenya,KEN,1998,226
Kenya,KEN,2000,26
Kenya,KEN,2001,13
Kenya,KEN,2002,16
Kenya,KEN,2003,3
Kenya,KEN,2005,56
Kenya,KEN,2006,18
Kenya,KEN,2007,33
Kenya,KEN,2008,103
Kenya,KEN,2009,0
Kenya,KEN,2010,19
Kenya,KEN,2011,42
Kenya,KEN,2012,107
Kenya,KEN,2013,207
Kenya,KEN,2014,315
Kenya,KEN,2015,281
Kenya,KEN,2016,72
Kenya,KEN,2017,126
Kosovo,OWID_KOS,1999,23
Kosovo,OWID_KOS,2000,23
Kosovo,OWID_KOS,2001,20
Kosovo,OWID_KOS,2002,1
Kosovo,OWID_KOS,2003,7
Kosovo,OWID_KOS,2004,0
Kosovo,OWID_KOS,2005,1
Kosovo,OWID_KOS,2006,0
Kosovo,OWID_KOS,2007,1
Kosovo,OWID_KOS,2008,0
Kosovo,OWID_KOS,2009,0
Kosovo,OWID_KOS,2010,1
Kosovo,OWID_KOS,2011,0
Kosovo,OWID_KOS,2012,3
Kosovo,OWID_KOS,2013,1
Kosovo,OWID_KOS,2014,2
Kosovo,OWID_KOS,2015,0
Kosovo,OWID_KOS,2016,0
Kosovo,OWID_KOS,2017,0
Kuwait,KWT,1972,0
Kuwait,KWT,1974,0
Kuwait,KWT,1975,0
Kuwait,KWT,1976,0
Kuwait,KWT,1978,1
Kuwait,KWT,1980,0
Kuwait,KWT,1981,2
Kuwait,KWT,1982,0
Kuwait,KWT,1983,1
Kuwait,KWT,1984,4
Kuwait,KWT,1985,11
Kuwait,KWT,1986,0
Kuwait,KWT,1987,1
Kuwait,KWT,1988,2
Kuwait,KWT,1991,1
Kuwait,KWT,1992,2
Kuwait,KWT,1994,0
Kuwait,KWT,1997,0
Kuwait,KWT,2001,2
Kuwait,KWT,2002,4
Kuwait,KWT,2003,1
Kuwait,KWT,2005,2
Kuwait,KWT,2011,0
Kuwait,KWT,2015,28
Kuwait,KWT,2016,1
Kyrgyzstan,KGZ,1996,0
Kyrgyzstan,KGZ,1999,1
Kyrgyzstan,KGZ,2000,2
Kyrgyzstan,KGZ,2001,0
Kyrgyzstan,KGZ,2002,2
Kyrgyzstan,KGZ,2003,1
Kyrgyzstan,KGZ,2005,0
Kyrgyzstan,KGZ,2006,1
Kyrgyzstan,KGZ,2007,0
Kyrgyzstan,KGZ,2010,0
Kyrgyzstan,KGZ,2011,0
Kyrgyzstan,KGZ,2014,1
Kyrgyzstan,KGZ,2015,1
Kyrgyzstan,KGZ,2016,1
Kyrgyzstan,KGZ,2017,0
Laos,LAO,1989,2
Laos,LAO,1990,0
Laos,LAO,1992,3
Laos,LAO,1994,2
Laos,LAO,1996,5
Laos,LAO,2000,1
Laos,LAO,2001,0
Laos,LAO,2003,10
Laos,LAO,2012,0
Laos,LAO,2015,0
Laos,LAO,2016,3
Laos,LAO,2017,1
Latvia,LVA,1992,0
Latvia,LVA,1994,1
Latvia,LVA,1995,0
Latvia,LVA,1997,0
Latvia,LVA,1998,0
Latvia,LVA,1999,0
Latvia,LVA,2000,1
Latvia,LVA,2007,0
Latvia,LVA,2017,0
Lebanon,LBN,1970,0
Lebanon,LBN,1971,0
Lebanon,LBN,1972,0
Lebanon,LBN,1973,4
Lebanon,LBN,1974,0
Lebanon,LBN,1975,28
Lebanon,LBN,1976,4
Lebanon,LBN,1977,3
Lebanon,LBN,1978,107
Lebanon,LBN,1979,33
Lebanon,LBN,1980,90
Lebanon,LBN,1981,264
Lebanon,LBN,1982,234
Lebanon,LBN,1983,615
Lebanon,LBN,1984,61
Lebanon,LBN,1985,644
Lebanon,LBN,1986,247
Lebanon,LBN,1987,178
Lebanon,LBN,1988,176
Lebanon,LBN,1989,113
Lebanon,LBN,1990,113
Lebanon,LBN,1991,98
Lebanon,LBN,1992,79
Lebanon,LBN,1994,57
Lebanon,LBN,1995,35
Lebanon,LBN,1996,57
Lebanon,LBN,1997,36
Lebanon,LBN,1998,17
Lebanon,LBN,1999,23
Lebanon,LBN,2000,12
Lebanon,LBN,2001,0
Lebanon,LBN,2002,2
Lebanon,LBN,2003,3
Lebanon,LBN,2004,1
Lebanon,LBN,2005,22
Lebanon,LBN,2006,17
Lebanon,LBN,2007,40
Lebanon,LBN,2008,142
Lebanon,LBN,2009,17
Lebanon,LBN,2010,2
Lebanon,LBN,2011,1
Lebanon,LBN,2012,9
Lebanon,LBN,2013,190
Lebanon,LBN,2014,134
Lebanon,LBN,2015,111
Lebanon,LBN,2016,25
Lebanon,LBN,2017,17
Lesotho,LSO,1979,0
Lesotho,LSO,1981,10
Lesotho,LSO,1982,0
Lesotho,LSO,1983,30
Lesotho,LSO,1984,1
Lesotho,LSO,1988,4
Lesotho,LSO,1994,0
Lesotho,LSO,2006,0
Lesotho,LSO,2009,0
Lesotho,LSO,2015,1
Liberia,LBR,1990,2
Liberia,LBR,1991,0
Liberia,LBR,1992,37
Liberia,LBR,1994,110
Liberia,LBR,1996,10
Liberia,LBR,1999,0
Liberia,LBR,2000,0
Liberia,LBR,2001,1
Liberia,LBR,2002,3
Liberia,LBR,2003,2
Liberia,LBR,2008,12
Liberia,LBR,2012,0
Liberia,LBR,2014,0
Liberia,LBR,2017,0
Libya,LBY,1979,0
Libya,LBY,1980,0
Libya,LBY,1984,15
Libya,LBY,1992,0
Libya,LBY,1995,0
Libya,LBY,1996,12
Libya,LBY,2007,0
Libya,LBY,2008,0
Libya,LBY,2011,0
Libya,LBY,2012,33
Libya,LBY,2013,232
Libya,LBY,2014,694
Libya,LBY,2015,689
Libya,LBY,2016,634
Libya,LBY,2017,289
Lithuania,LTU,1991,0
Lithuania,LTU,1992,0
Lithuania,LTU,1995,0
Lithuania,LTU,1996,0
Lithuania,LTU,1997,1
Luxembourg,LUX,1983,0
Luxembourg,LUX,1985,0
Luxembourg,LUX,1986,0
Luxembourg,LUX,1994,0
Macau,,1995,0
Macau,,1996,0
Macau,,1997,1
Macau,,1998,0
Macedonia,MKD,1994,0
Macedonia,MKD,1995,1
Macedonia,MKD,1997,0
Macedonia,MKD,1998,0
Macedonia,MKD,1999,0
Macedonia,MKD,2000,3
Macedonia,MKD,2001,35
Macedonia,MKD,2002,3
Macedonia,MKD,2003,0
Macedonia,MKD,2006,0
Macedonia,MKD,2007,0
Macedonia,MKD,2008,2
Macedonia,MKD,2009,0
Macedonia,MKD,2012,5
Macedonia,MKD,2014,0
Macedonia,MKD,2015,0
Macedonia,MKD,2017,0
Madagascar,MDG,1991,4
Madagascar,MDG,1992,16
Madagascar,MDG,1995,4
Madagascar,MDG,1996,1
Madagascar,MDG,1997,0
Madagascar,MDG,2002,0
Madagascar,MDG,2006,0
Madagascar,MDG,2009,2
Madagascar,MDG,2011,0
Madagascar,MDG,2012,0
Madagascar,MDG,2013,0
Madagascar,MDG,2014,1
Madagascar,MDG,2016,3
Malawi,MWI,1992,32
Malawi,MWI,2002,1
Malawi,MWI,2017,0
Malaysia,MYS,1973,0
Malaysia,MYS,1975,0
Malaysia,MYS,1977,100
Malaysia,MYS,1979,5
Malaysia,MYS,1983,0
Malaysia,MYS,1986,20
Malaysia,MYS,1988,9
Malaysia,MYS,1989,0
Malaysia,MYS,1990,0
Malaysia,MYS,1991,0
Malaysia,MYS,1992,0
Malaysia,MYS,2000,2
Malaysia,MYS,2001,0
Malaysia,MYS,2008,0
Malaysia,MYS,2009,0
Malaysia,MYS,2012,2
Malaysia,MYS,2013,2
Malaysia,MYS,2014,1
Malaysia,MYS,2015,1
Malaysia,MYS,2016,6
Malaysia,MYS,2017,4
Maldives,MDV,1988,19
Maldives,MDV,2006,0
Maldives,MDV,2007,0
Maldives,MDV,2008,0
Maldives,MDV,2012,0
Maldives,MDV,2013,0
Maldives,MDV,2014,0
Maldives,MDV,2015,0
Maldives,MDV,2016,0
Maldives,MDV,2017,1
Mali,MLI,1990,14
Mali,MLI,1991,43
Mali,MLI,1992,5
Mali,MLI,1994,131
Mali,MLI,1995,2
Mali,MLI,1997,0
Mali,MLI,2005,0
Mali,MLI,2007,20
Mali,MLI,2008,55
Mali,MLI,2009,30
Mali,MLI,2010,1
Mali,MLI,2011,5
Mali,MLI,2012,53
Mali,MLI,2013,137
Mali,MLI,2014,125
Mali,MLI,2015,269
Mali,MLI,2016,181
Mali,MLI,2017,361
Malta,MLT,1977,1
Malta,MLT,1984,0
Malta,MLT,1985,0
Malta,MLT,1986,1
Malta,MLT,1987,0
Malta,MLT,1992,1
Malta,MLT,1995,1
Malta,MLT,1997,0
Malta,MLT,2014,0
Malta,MLT,2015,0
Malta,MLT,2017,1
Martinique,MTQ,1981,0
Martinique,MTQ,1983,0
Martinique,MTQ,1984,0
Martinique,MTQ,1987,0
Martinique,MTQ,1988,0
Martinique,MTQ,1991,0
Martinique,MTQ,1992,0
Mauritania,MRT,1977,4
Mauritania,MRT,1996,0
Mauritania,MRT,2004,0
Mauritania,MRT,2005,23
Mauritania,MRT,2008,12
Mauritania,MRT,2009,2
Mauritania,MRT,2010,1
Mauritania,MRT,2011,1
Mauritius,MUS,1988,0
Mauritius,MUS,1989,0
Mexico,MEX,1970,0
Mexico,MEX,1972,0
Mexico,MEX,1973,1
Mexico,MEX,1974,2
Mexico,MEX,1975,32
Mexico,MEX,1976,26
Mexico,MEX,1977,11
Mexico,MEX,1978,7
Mexico,MEX,1979,5
Mexico,MEX,1980,3
Mexico,MEX,1981,0
Mexico,MEX,1982,1
Mexico,MEX,1983,0
Mexico,MEX,1984,13
Mexico,MEX,1985,0
Mexico,MEX,1986,0
Mexico,MEX,1987,0
Mexico,MEX,1988,2
Mexico,MEX,1989,0
Mexico,MEX,1990,3
Mexico,MEX,1991,13
Mexico,MEX,1992,6
Mexico,MEX,1994,88
Mexico,MEX,1995,61
Mexico,MEX,1996,96
Mexico,MEX,1997,229
Mexico,MEX,1998,3
Mexico,MEX,1999,0
Mexico,MEX,2000,5
Mexico,MEX,2001,13
Mexico,MEX,2003,2
Mexico,MEX,2004,0
Mexico,MEX,2005,2
Mexico,MEX,2006,7
Mexico,MEX,2007,25
Mexico,MEX,2008,21
Mexico,MEX,2009,2
Mexico,MEX,2010,0
Mexico,MEX,2011,0
Mexico,MEX,2012,17
Mexico,MEX,2013,47
Mexico,MEX,2014,1
Mexico,MEX,2015,9
Mexico,MEX,2016,4
Mexico,MEX,2017,23
Middle East & North Africa,,1970,1
Middle East & North Africa,,1971,7
Middle East & North Africa,,1972,33
Middle East & North Africa,,1973,7
Middle East & North Africa,,1974,81
Middle East & North Africa,,1975,60
Middle East & North Africa,,1976,45
Middle East & North Africa,,1977,43
Middle East & North Africa,,1978,671
Middle East & North Africa,,1979,366
Middle East & North Africa,,1980,442
Middle East & North Africa,,1981,772
Middle East & North Africa,,1982,587
Middle East & North Africa,,1983,756
Middle East & North Africa,,1984,149
Middle East & North Africa,,1985,723
Middle East & North Africa,,1986,409
Middle East & North Africa,,1987,581
Middle East & North Africa,,1988,365
Middle East & North Africa,,1989,480
Middle East & North Africa,,1990,778
Middle East & North Africa,,1991,544
Middle East & North Africa,,1992,1879
Middle East & North Africa,,1994,2065
Middle East & North Africa,,1995,1020
Middle East & North Africa,,1996,961
Middle East & North Africa,,1997,4691
Middle East & North Africa,,1998,1079
Middle East & North Africa,,1999,672
Middle East & North Africa,,2000,624
Middle East & North Africa,,2001,907
Middle East & North Africa,,2002,1175
Middle East & North Africa,,2003,1063
Middle East & North Africa,,2004,2558
Middle East & North Africa,,2005,3918
Middle East & North Africa,,2006,5032
Middle East & North Africa,,2007,7180
Middle East & North Africa,,2008,3467
Middle East & North Africa,,2009,2982
Middle East & North Africa,,2010,2663
Middle East & North Africa,,2011,2651
Middle East & North Africa,,2012,5033
Middle East & North Africa,,2013,10164
Middle East & North Africa,,2014,20080
Middle East & North Africa,,2015,17854
Middle East & North Africa,,2016,19205
Middle East & North Africa,,2017,10819
Moldova,MDA,1991,0
Moldova,MDA,1992,10
Moldova,MDA,1994,1
Moldova,MDA,1996,0
Moldova,MDA,1997,0
Moldova,MDA,2000,0
Moldova,MDA,2006,2
Moldova,MDA,2009,0
Moldova,MDA,2012,0
Moldova,MDA,2016,0
Montenegro,MNE,2001,1
Montenegro,MNE,2007,0
Montenegro,MNE,2013,0
Montenegro,MNE,2015,0
Morocco,MAR,1973,0
Morocco,MAR,1976,0
Morocco,MAR,1978,10
Morocco,MAR,1979,0
Morocco,MAR,1985,0
Morocco,MAR,1986,2
Morocco,MAR,1987,200
Morocco,MAR,1991,3
Morocco,MAR,1992,2
Morocco,MAR,1994,0
Morocco,MAR,1995,0
Morocco,MAR,1996,0
Morocco,MAR,2003,45
Morocco,MAR,2007,13
Morocco,MAR,2011,17
Morocco,MAR,2015,0
Mozambique,MOZ,1978,2
Mozambique,MOZ,1979,34
Mozambique,MOZ,1981,6
Mozambique,MOZ,1982,18
Mozambique,MOZ,1983,5
Mozambique,MOZ,1984,56
Mozambique,MOZ,1985,8
Mozambique,MOZ,1986,470
Mozambique,MOZ,1987,468
Mozambique,MOZ,1988,145
Mozambique,MOZ,1989,710
Mozambique,MOZ,1990,185
Mozambique,MOZ,1991,271
Mozambique,MOZ,1992,155
Mozambique,MOZ,1994,0
Mozambique,MOZ,1995,15
Mozambique,MOZ,1999,0
Mozambique,MOZ,2000,1
Mozambique,MOZ,2007,6
Mozambique,MOZ,2012,1
Mozambique,MOZ,2013,37
Mozambique,MOZ,2014,22
Mozambique,MOZ,2015,12
Mozambique,MOZ,2016,62
Mozambique,MOZ,2017,22
Myanmar,MMR,1973,0
Myanmar,MMR,1976,0
Myanmar,MMR,1979,86
Myanmar,MMR,1980,6
Myanmar,MMR,1982,3
Myanmar,MMR,1983,21
Myanmar,MMR,1987,0
Myanmar,MMR,1988,93
Myanmar,MMR,1989,80
Myanmar,MMR,1990,71
Myanmar,MMR,1991,90
Myanmar,MMR,1992,139
Myanmar,MMR,1994,18
Myanmar,MMR,1995,30
Myanmar,MMR,1996,86
Myanmar,MMR,1997,16
Myanmar,MMR,1999,10
Myanmar,MMR,2001,8
Myanmar,MMR,2002,5
Myanmar,MMR,2003,18
Myanmar,MMR,2004,1
Myanmar,MMR,2005,21
Myanmar,MMR,2006,0
Myanmar,MMR,2007,10
Myanmar,MMR,2008,14
Myanmar,MMR,2009,46
Myanmar,MMR,2010,13
Myanmar,MMR,2011,0
Myanmar,MMR,2012,16
Myanmar,MMR,2013,11
Myanmar,MMR,2014,17
Myanmar,MMR,2015,60
Myanmar,MMR,2016,73
Myanmar,MMR,2017,218
Namibia,NAM,1975,1
Namibia,NAM,1976,3
Namibia,NAM,1978,2
Namibia,NAM,1979,32
Namibia,NAM,1980,2
Namibia,NAM,1982,2
Namibia,NAM,1983,4
Namibia,NAM,1984,26
Namibia,NAM,1985,74
Namibia,NAM,1986,5
Namibia,NAM,1987,2
Namibia,NAM,1988,25
Namibia,NAM,1989,1
Namibia,NAM,1990,0
Namibia,NAM,1991,3
Namibia,NAM,1994,0
Namibia,NAM,1999,13
Namibia,NAM,2000,24
Namibia,NAM,2001,1
Nepal,NPL,1985,6
Nepal,NPL,1991,0
Nepal,NPL,1992,9
Nepal,NPL,1994,4
Nepal,NPL,1996,6
Nepal,NPL,1997,15
Nepal,NPL,1999,23
Nepal,NPL,2000,91
Nepal,NPL,2001,172
Nepal,NPL,2002,486
Nepal,NPL,2003,22
Nepal,NPL,2004,630
Nepal,NPL,2005,211
Nepal,NPL,2006,133
Nepal,NPL,2007,44
Nepal,NPL,2008,50
Nepal,NPL,2009,20
Nepal,NPL,2010,10
Nepal,NPL,2011,16
Nepal,NPL,2012,9
Nepal,NPL,2013,3
Nepal,NPL,2014,0
Nepal,NPL,2015,0
Nepal,NPL,2016,5
Nepal,NPL,2017,4
Netherlands,NLD,1970,1
Netherlands,NLD,1971,0
Netherlands,NLD,1972,0
Netherlands,NLD,1973,1
Netherlands,NLD,1974,1
Netherlands,NLD,1975,4
Netherlands,NLD,1976,0
Netherlands,NLD,1977,9
Netherlands,NLD,1978,1
Netherlands,NLD,1979,3
Netherlands,NLD,1980,0
Netherlands,NLD,1981,0
Netherlands,NLD,1982,0
Netherlands,NLD,1983,0
Netherlands,NLD,1984,0
Netherlands,NLD,1985,0
Netherlands,NLD,1986,0
Netherlands,NLD,1987,0
Netherlands,NLD,1988,4
Netherlands,NLD,1989,0
Netherlands,NLD,1990,2
Netherlands,NLD,1991,0
Netherlands,NLD,1992,0
Netherlands,NLD,1994,0
Netherlands,NLD,1995,1
Netherlands,NLD,1996,0
Netherlands,NLD,1997,0
Netherlands,NLD,1999,0
Netherlands,NLD,2000,0
Netherlands,NLD,2001,0
Netherlands,NLD,2002,1
Netherlands,NLD,2003,0
Netherlands,NLD,2004,1
Netherlands,NLD,2008,0
Netherlands,NLD,2009,7
Netherlands,NLD,2010,0
Netherlands,NLD,2011,0
Netherlands,NLD,2014,0
Netherlands,NLD,2015,0
Netherlands,NLD,2016,1
Netherlands,NLD,2017,0
New Caledonia,NCL,1984,11
New Caledonia,NCL,1985,0
New Caledonia,NCL,1986,0
New Caledonia,NCL,1988,22
New Caledonia,NCL,1989,2
New Caledonia,NCL,1992,0
New Hebrides,,1980,0
New Zealand,NZL,1973,0
New Zealand,NZL,1981,0
New Zealand,NZL,1984,1
New Zealand,NZL,1991,0
New Zealand,NZL,1994,0
New Zealand,NZL,1996,0
New Zealand,NZL,1997,0
New Zealand,NZL,2001,0
New Zealand,NZL,2003,0
New Zealand,NZL,2008,0
New Zealand,NZL,2014,0
New Zealand,NZL,2016,0
Nicaragua,NIC,1970,0
Nicaragua,NIC,1974,0
Nicaragua,NIC,1975,11
Nicaragua,NIC,1977,26
Nicaragua,NIC,1978,93
Nicaragua,NIC,1979,187
Nicaragua,NIC,1980,37
Nicaragua,NIC,1981,172
Nicaragua,NIC,1982,254
Nicaragua,NIC,1983,3277
Nicaragua,NIC,1984,3617
Nicaragua,NIC,1985,1575
Nicaragua,NIC,1986,395
Nicaragua,NIC,1987,549
Nicaragua,NIC,1988,208
Nicaragua,NIC,1989,48
Nicaragua,NIC,1990,23
Nicaragua,NIC,1991,54
Nicaragua,NIC,1992,22
Nicaragua,NIC,1994,12
Nicaragua,NIC,1995,6
Nicaragua,NIC,1996,18
Nicaragua,NIC,1997,7
Nicaragua,NIC,1999,0
Nicaragua,NIC,2000,2
Nicaragua,NIC,2014,5
Niger,NER,1985,3
Niger,NER,1989,171
Niger,NER,1991,8
Niger,NER,1992,34
Niger,NER,1994,53
Niger,NER,1995,22
Niger,NER,1996,2
Niger,NER,1997,32
Niger,NER,1999,4
Niger,NER,2007,66
Niger,NER,2008,6
Niger,NER,2009,18
Niger,NER,2010,9
Niger,NER,2011,4
Niger,NER,2012,1
Niger,NER,2013,26
Niger,NER,2014,11
Niger,NER,2015,666
Niger,NER,2016,190
Niger,NER,2017,148
Nigeria,NGA,1976,3
Nigeria,NGA,1980,0
Nigeria,NGA,1983,1
Nigeria,NGA,1988,4
Nigeria,NGA,1991,10
Nigeria,NGA,1992,135
Nigeria,NGA,1994,15
Nigeria,NGA,1995,1
Nigeria,NGA,1996,24
Nigeria,NGA,1997,107
Nigeria,NGA,1998,9
Nigeria,NGA,1999,134
Nigeria,NGA,2000,0
Nigeria,NGA,2001,3
Nigeria,NGA,2002,28
Nigeria,NGA,2003,28
Nigeria,NGA,2004,41
Nigeria,NGA,2005,19
Nigeria,NGA,2006,254
Nigeria,NGA,2007,82
Nigeria,NGA,2008,72
Nigeria,NGA,2009,316
Nigeria,NGA,2010,117
Nigeria,NGA,2011,447
Nigeria,NGA,2012,1508
Nigeria,NGA,2013,2014
Nigeria,NGA,2014,7781
Nigeria,NGA,2015,5559
Nigeria,NGA,2016,2165
Nigeria,NGA,2017,1805
North America,,1970,34
North America,,1971,20
North America,,1972,11
North America,,1973,46
North America,,1974,18
North America,,1975,56
North America,,1976,30
North America,,1977,15
North America,,1978,15
North America,,1979,23
North America,,1980,18
North America,,1981,8
North America,,1982,13
North America,,1983,8
North America,,1984,16
North America,,1985,334
North America,,1986,1
North America,,1987,1
North America,,1988,3
North America,,1989,18
North America,,1990,8
North America,,1991,15
North America,,1992,8
North America,,1994,98
North America,,1995,240
North America,,1996,98
North America,,1997,231
North America,,1998,8
North America,,1999,20
North America,,2000,5
North America,,2001,3021
North America,,2002,4
North America,,2003,2
North America,,2004,0
North America,,2005,2
North America,,2006,8
North America,,2007,25
North America,,2008,23
North America,,2009,20
North America,,2010,4
North America,,2011,0
North America,,2012,24
North America,,2013,70
North America,,2014,34
North America,,2015,63
North America,,2016,73
North America,,2017,124
North Korea,PRK,1994,3
North Yemen,,1974,0
North Yemen,,1977,1
North Yemen,,1978,1
North Yemen,,1981,1
North Yemen,,1988,0
Norway,NOR,1979,0
Norway,NOR,1981,0
Norway,NOR,1987,1
Norway,NOR,1991,0
Norway,NOR,1992,0
Norway,NOR,1994,0
Norway,NOR,1996,0
Norway,NOR,2001,1
Norway,NOR,2003,0
Norway,NOR,2006,0
Norway,NOR,2010,0
Norway,NOR,2011,77
Norway,NOR,2017,0
Pakistan,PAK,1970,4
Pakistan,PAK,1974,0
Pakistan,PAK,1975,1
Pakistan,PAK,1976,1
Pakistan,PAK,1978,5
Pakistan,PAK,1979,6
Pakistan,PAK,1980,17
Pakistan,PAK,1981,4
Pakistan,PAK,1982,3
Pakistan,PAK,1983,10
Pakistan,PAK,1984,12
Pakistan,PAK,1985,0
Pakistan,PAK,1986,60
Pakistan,PAK,1987,183
Pakistan,PAK,1988,136
Pakistan,PAK,1989,56
Pakistan,PAK,1990,188
Pakistan,PAK,1991,231
Pakistan,PAK,1992,152
Pakistan,PAK,1994,354
Pakistan,PAK,1995,712
Pakistan,PAK,1996,423
Pakistan,PAK,1997,443
Pakistan,PAK,1998,151
Pakistan,PAK,1999,127
Pakistan,PAK,2000,118
Pakistan,PAK,2001,109
Pakistan,PAK,2002,105
Pakistan,PAK,2003,119
Pakistan,PAK,2004,304
Pakistan,PAK,2005,152
Pakistan,PAK,2006,315
Pakistan,PAK,2007,1406
Pakistan,PAK,2008,1184
Pakistan,PAK,2009,1487
Pakistan,PAK,2010,1699
Pakistan,PAK,2011,1676
Pakistan,PAK,2012,2784
Pakistan,PAK,2013,2875
Pakistan,PAK,2014,2413
Pakistan,PAK,2015,1608
Pakistan,PAK,2016,1113
Pakistan,PAK,2017,1076
Palestine,PSE,1972,1
Palestine,PSE,1976,2
Palestine,PSE,1978,6
Palestine,PSE,1979,2
Palestine,PSE,1980,31
Palestine,PSE,1981,6
Palestine,PSE,1982,7
Palestine,PSE,1983,9
Palestine,PSE,1984,5
Palestine,PSE,1985,0
Palestine,PSE,1986,4
Palestine,PSE,1987,3
Palestine,PSE,1988,10
Palestine,PSE,1989,72
Palestine,PSE,1990,62
Palestine,PSE,1991,43
Palestine,PSE,1992,93
Palestine,PSE,1994,129
Palestine,PSE,1995,43
Palestine,PSE,1996,17
Palestine,PSE,1997,9
Palestine,PSE,1998,12
Palestine,PSE,1999,1
Palestine,PSE,2000,21
Palestine,PSE,2001,105
Palestine,PSE,2002,177
Palestine,PSE,2003,60
Palestine,PSE,2004,31
Palestine,PSE,2005,20
Palestine,PSE,2006,20
Palestine,PSE,2007,112
Palestine,PSE,2008,17
Palestine,PSE,2009,7
Palestine,PSE,2010,0
Palestine,PSE,2011,15
Palestine,PSE,2012,12
Palestine,PSE,2013,12
Palestine,PSE,2014,67
Palestine,PSE,2015,117
Palestine,PSE,2016,90
Palestine,PSE,2017,50
Panama,PAN,1972,0
Panama,PAN,1976,0
Panama,PAN,1979,1
Panama,PAN,1980,0
Panama,PAN,1981,1
Panama,PAN,1983,0
Panama,PAN,1984,0
Panama,PAN,1986,0
Panama,PAN,1987,1
Panama,PAN,1988,0
Panama,PAN,1989,0
Panama,PAN,1990,2
Panama,PAN,1991,2
Panama,PAN,1992,3
Panama,PAN,1994,21
Panama,PAN,1995,3
Panama,PAN,1996,0
Panama,PAN,1997,3
Panama,PAN,1999,0
Panama,PAN,2000,0
Panama,PAN,2009,1
Panama,PAN,2016,0
Papua New Guinea,PNG,1989,13
Papua New Guinea,PNG,1990,12
Papua New Guinea,PNG,1991,3
Papua New Guinea,PNG,1992,7
Papua New Guinea,PNG,1994,17
Papua New Guinea,PNG,1995,6
Papua New Guinea,PNG,1996,21
Papua New Guinea,PNG,1997,0
Papua New Guinea,PNG,2002,0
Papua New Guinea,PNG,2007,0
Papua New Guinea,PNG,2017,0
Paraguay,PRY,1970,1
Paraguay,PRY,1976,1
Paraguay,PRY,1980,3
Paraguay,PRY,1984,1
Paraguay,PRY,1985,0
Paraguay,PRY,1987,0
Paraguay,PRY,1992,0
Paraguay,PRY,1994,1
Paraguay,PRY,1995,0
Paraguay,PRY,1997,1
Paraguay,PRY,1999,2
Paraguay,PRY,2000,0
Paraguay,PRY,2010,2
Paraguay,PRY,2011,0
Paraguay,PRY,2012,1
Paraguay,PRY,2013,12
Paraguay,PRY,2014,6
Paraguay,PRY,2015,14
Paraguay,PRY,2016,10
Paraguay,PRY,2017,4
Peru,PER,1973,0
Peru,PER,1974,0
Peru,PER,1975,0
Peru,PER,1977,0
Peru,PER,1978,0
Peru,PER,1979,5
Peru,PER,1980,2
Peru,PER,1981,10
Peru,PER,1982,243
Peru,PER,1983,1818
Peru,PER,1984,2467
Peru,PER,1985,729
Peru,PER,1986,513
Peru,PER,1987,773
Peru,PER,1988,855
Peru,PER,1989,1502
Peru,PER,1990,1146
Peru,PER,1991,1412
Peru,PER,1992,818
Peru,PER,1994,81
Peru,PER,1995,103
Peru,PER,1996,74
Peru,PER,1997,47
Peru,PER,1998,7
Peru,PER,1999,28
Peru,PER,2000,4
Peru,PER,2001,16
Peru,PER,2002,9
Peru,PER,2003,7
Peru,PER,2004,6
Peru,PER,2005,7
Peru,PER,2006,7
Peru,PER,2007,18
Peru,PER,2008,0
Peru,PER,2009,19
Peru,PER,2012,10
Peru,PER,2013,6
Peru,PER,2014,4
Peru,PER,2015,6
Peru,PER,2016,11
Peru,PER,2017,8
Philippines,PHL,1970,41
Philippines,PHL,1971,0
Philippines,PHL,1972,2
Philippines,PHL,1974,3
Philippines,PHL,1975,1
Philippines,PHL,1976,47
Philippines,PHL,1977,0
Philippines,PHL,1978,128
Philippines,PHL,1979,107
Philippines,PHL,1980,163
Philippines,PHL,1981,176
Philippines,PHL,1982,139
Philippines,PHL,1983,101
Philippines,PHL,1984,262
Philippines,PHL,1985,452
Philippines,PHL,1986,322
Philippines,PHL,1987,404
Philippines,PHL,1988,550
Philippines,PHL,1989,393
Philippines,PHL,1990,457
Philippines,PHL,1991,432
Philippines,PHL,1992,395
Philippines,PHL,1994,126
Philippines,PHL,1995,201
Philippines,PHL,1996,95
Philippines,PHL,1997,98
Philippines,PHL,1998,6
Philippines,PHL,1999,45
Philippines,PHL,2000,290
Philippines,PHL,2001,154
Philippines,PHL,2002,125
Philippines,PHL,2003,288
Philippines,PHL,2004,206
Philippines,PHL,2005,49
Philippines,PHL,2006,60
Philippines,PHL,2007,115
Philippines,PHL,2008,220
Philippines,PHL,2009,151
Philippines,PHL,2010,155
Philippines,PHL,2011,127
Philippines,PHL,2012,211
Philippines,PHL,2013,432
Philippines,PHL,2014,472
Philippines,PHL,2015,447
Philippines,PHL,2016,415
Philippines,PHL,2017,496
Poland,POL,1971,0
Poland,POL,1979,0
Poland,POL,1981,0
Poland,POL,1990,1
Poland,POL,1992,4
Poland,POL,1994,0
Poland,POL,1995,0
Poland,POL,1996,1
Poland,POL,1997,2
Poland,POL,1998,0
Poland,POL,2001,0
Poland,POL,2010,1
Poland,POL,2016,0
Poland,POL,2017,0
Portugal,PRT,1972,0
Portugal,PRT,1973,0
Portugal,PRT,1975,0
Portugal,PRT,1976,3
Portugal,PRT,1977,0
Portugal,PRT,1978,0
Portugal,PRT,1979,3
Portugal,PRT,1980,3
Portugal,PRT,1981,2
Portugal,PRT,1982,3
Portugal,PRT,1983,8
Portugal,PRT,1984,3
Portugal,PRT,1985,1
Portugal,PRT,1986,1
Portugal,PRT,1988,2
Portugal,PRT,1989,1
Portugal,PRT,1992,0
Portugal,PRT,1994,2
Portugal,PRT,1995,0
Portugal,PRT,2011,0
Qatar,QAT,1982,1
Qatar,QAT,1989,3
Qatar,QAT,1996,0
Qatar,QAT,2000,0
Qatar,QAT,2001,1
Qatar,QAT,2005,2
Qatar,QAT,2015,0
Rhodesia,,1978,73
Rhodesia,,1979,120
Rhodesia,,1980,24
Romania,ROU,1984,1
Romania,ROU,1985,2
Romania,ROU,1991,1
Romania,ROU,1992,0
Romania,ROU,1995,0
Romania,ROU,2008,0
Russia,RUS,1992,34
Russia,RUS,1994,34
Russia,RUS,1995,145
Russia,RUS,1996,135
Russia,RUS,1997,61
Russia,RUS,1998,49
Russia,RUS,1999,395
Russia,RUS,2000,362
Russia,RUS,2001,228
Russia,RUS,2002,512
Russia,RUS,2003,328
Russia,RUS,2004,607
Russia,RUS,2005,157
Russia,RUS,2006,57
Russia,RUS,2007,55
Russia,RUS,2008,95
Russia,RUS,2009,141
Russia,RUS,2010,231
Russia,RUS,2011,160
Russia,RUS,2012,161
Russia,RUS,2013,148
Russia,RUS,2014,67
Russia,RUS,2015,21
Russia,RUS,2016,64
Russia,RUS,2017,61
Rwanda,RWA,1991,0
Rwanda,RWA,1992,141
Rwanda,RWA,1994,1571
Rwanda,RWA,1995,201
Rwanda,RWA,1996,129
Rwanda,RWA,1997,1027
Rwanda,RWA,1998,100
Rwanda,RWA,2000,4
Rwanda,RWA,2001,2
Rwanda,RWA,2005,30
Rwanda,RWA,2008,0
Rwanda,RWA,2009,4
Rwanda,RWA,2010,6
Rwanda,RWA,2011,2
Rwanda,RWA,2012,10
Rwanda,RWA,2013,6
Rwanda,RWA,2014,1
Rwanda,RWA,2016,0
Rwanda,RWA,2017,2
Saint Kitts and Nevis,KNA,1995,0
Saint Lucia,LCA,2000,2
Saudi Arabia,SAU,1977,0
Saudi Arabia,SAU,1979,5
Saudi Arabia,SAU,1984,0
Saudi Arabia,SAU,1985,1
Saudi Arabia,SAU,1986,62
Saudi Arabia,SAU,1988,0
Saudi Arabia,SAU,1989,1
Saudi Arabia,SAU,1991,0
Saudi Arabia,SAU,1994,0
Saudi Arabia,SAU,1995,14
Saudi Arabia,SAU,1996,19
Saudi Arabia,SAU,2000,1
Saudi Arabia,SAU,2001,2
Saudi Arabia,SAU,2002,1
Saudi Arabia,SAU,2003,55
Saudi Arabia,SAU,2004,64
Saudi Arabia,SAU,2005,1
Saudi Arabia,SAU,2006,4
Saudi Arabia,SAU,2007,3
Saudi Arabia,SAU,2009,5
Saudi Arabia,SAU,2011,3
Saudi Arabia,SAU,2012,4
Saudi Arabia,SAU,2013,1
Saudi Arabia,SAU,2014,20
Saudi Arabia,SAU,2015,213
Saudi Arabia,SAU,2016,162
Saudi Arabia,SAU,2017,31
Senegal,SEN,1980,0
Senegal,SEN,1988,2
Senegal,SEN,1990,20
Senegal,SEN,1991,5
Senegal,SEN,1992,64
Senegal,SEN,1994,5
Senegal,SEN,1995,18
Senegal,SEN,1997,92
Senegal,SEN,1998,4
Senegal,SEN,1999,1
Senegal,SEN,2000,4
Senegal,SEN,2001,28
Senegal,SEN,2002,8
Senegal,SEN,2005,0
Senegal,SEN,2007,1
Senegal,SEN,2008,10
Senegal,SEN,2009,9
Senegal,SEN,2010,3
Senegal,SEN,2011,21
Senegal,SEN,2012,16
Senegal,SEN,2013,7
Senegal,SEN,2014,7
Senegal,SEN,2015,0
Serbia,SRB,2008,2
Serbia,SRB,2009,0
Serbia,SRB,2010,0
Serbia,SRB,2012,1
Serbia,SRB,2017,0
Serbia-Montenegro,,2003,2
Serbia-Montenegro,,2004,1
Serbia-Montenegro,,2005,0
Serbia-Montenegro,,2006,0
Seychelles,SYC,1981,0
Sierra Leone,SLE,1991,128
Sierra Leone,SLE,1992,21
Sierra Leone,SLE,1994,228
Sierra Leone,SLE,1995,40
Sierra Leone,SLE,1996,60
Sierra Leone,SLE,1997,16
Sierra Leone,SLE,1998,258
Sierra Leone,SLE,1999,28
Sierra Leone,SLE,2000,60
Sierra Leone,SLE,2016,1
Sierra Leone,SLE,2017,0
Singapore,SGP,1974,0
Singapore,SGP,1985,0
Singapore,SGP,1987,0
Singapore,SGP,1991,4
Singapore,SGP,1992,0
Singapore,SGP,1994,1
Slovakia,SVK,1994,0
Slovakia,SVK,1995,3
Slovakia,SVK,1996,1
Slovakia,SVK,1997,2
Slovakia,SVK,1998,1
Slovakia,SVK,1999,0
Slovakia,SVK,2000,0
Slovakia,SVK,2016,0
Slovenia,SVN,1994,1
Slovenia,SVN,1996,0
Slovenia,SVN,1997,0
Slovenia,SVN,2000,0
Solomon Islands,SLB,1999,2
Solomon Islands,SLB,2000,0
Solomon Islands,SLB,2002,1
Solomon Islands,SLB,2003,1
Somalia,SOM,1975,0
Somalia,SOM,1980,1
Somalia,SOM,1981,0
Somalia,SOM,1983,0
Somalia,SOM,1984,0
Somalia,SOM,1987,0
Somalia,SOM,1988,0
Somalia,SOM,1989,30
Somalia,SOM,1990,5
Somalia,SOM,1991,6
Somalia,SOM,1992,8
Somalia,SOM,1994,78
Somalia,SOM,1995,29
Somalia,SOM,1996,28
Somalia,SOM,1997,145
Somalia,SOM,1998,0
Somalia,SOM,1999,9
Somalia,SOM,2000,36
Somalia,SOM,2001,3
Somalia,SOM,2002,6
Somalia,SOM,2003,7
Somalia,SOM,2004,2
Somalia,SOM,2005,20
Somalia,SOM,2006,22
Somalia,SOM,2007,408
Somalia,SOM,2008,436
Somalia,SOM,2009,381
Somalia,SOM,2010,295
Somalia,SOM,2011,344
Somalia,SOM,2012,783
Somalia,SOM,2013,660
Somalia,SOM,2014,1589
Somalia,SOM,2015,1447
Somalia,SOM,2016,1583
Somalia,SOM,2017,1912
South Africa,ZAF,1974,0
South Africa,ZAF,1976,2
South Africa,ZAF,1977,5
South Africa,ZAF,1978,6
South Africa,ZAF,1979,8
South Africa,ZAF,1980,26
South Africa,ZAF,1981,8
South Africa,ZAF,1982,9
South Africa,ZAF,1983,28
South Africa,ZAF,1984,21
South Africa,ZAF,1985,82
South Africa,ZAF,1986,153
South Africa,ZAF,1987,120
South Africa,ZAF,1988,152
South Africa,ZAF,1989,57
South Africa,ZAF,1990,150
South Africa,ZAF,1991,384
South Africa,ZAF,1992,706
South Africa,ZAF,1994,447
South Africa,ZAF,1995,105
South Africa,ZAF,1996,82
South Africa,ZAF,1997,23
South Africa,ZAF,1998,13
South Africa,ZAF,1999,4
South Africa,ZAF,2000,18
South Africa,ZAF,2002,1
South Africa,ZAF,2007,1
South Africa,ZAF,2008,0
South Africa,ZAF,2012,5
South Africa,ZAF,2013,2
South Africa,ZAF,2014,9
South Africa,ZAF,2015,5
South Africa,ZAF,2016,21
South Africa,ZAF,2017,21
South America,,1970,11
South America,,1971,6
South America,,1972,6
South America,,1973,16
South America,,1974,21
South America,,1975,130
South America,,1976,134
South America,,1977,47
South America,,1978,93
South America,,1979,183
South America,,1980,206
South America,,1981,402
South America,,1982,672
South America,,1983,2279
South America,,1984,2995
South America,,1985,1700
South America,,1986,1351
South America,,1987,1450
South America,,1988,2024
South America,,1989,2339
South America,,1990,1861
South America,,1991,2238
South America,,1992,1536
South America,,1994,406
South America,,1995,650
South America,,1996,725
South America,,1997,1317
South America,,1998,599
South America,,1999,293
South America,,2000,430
South America,,2001,593
South America,,2002,369
South America,,2003,191
South America,,2004,89
South America,,2005,152
South America,,2006,93
South America,,2007,83
South America,,2008,109
South America,,2009,136
South America,,2010,58
South America,,2011,43
South America,,2012,180
South America,,2013,160
South America,,2014,157
South America,,2015,128
South America,,2016,87
South America,,2017,101
South Asia,,1970,4
South Asia,,1971,0
South Asia,,1972,0
South Asia,,1973,0
South Asia,,1974,0
South Asia,,1975,6
South Asia,,1976,1
South Asia,,1977,0
South Asia,,1978,5
South Asia,,1979,92
South Asia,,1980,40
South Asia,,1981,37
South Asia,,1982,74
South Asia,,1983,75
South Asia,,1984,693
South Asia,,1985,668
South Asia,,1986,1144
South Asia,,1987,1989
South Asia,,1988,2221
South Asia,,1989,2893
South Asia,,1990,2678
South Asia,,1991,2515
South Asia,,1992,2447
South Asia,,1994,985
South Asia,,1995,2133
South Asia,,1996,1945
South Asia,,1997,1815
South Asia,,1998,1237
South Asia,,1999,900
South Asia,,2000,1378
South Asia,,2001,1367
South Asia,,2002,1288
South Asia,,2003,802
South Asia,,2004,1616
South Asia,,2005,1365
South Asia,,2006,2937
South Asia,,2007,3686
South Asia,,2008,3517
South Asia,,2009,3565
South Asia,,2010,3695
South Asia,,2011,3725
South Asia,,2012,6586
South Asia,,2013,7070
South Asia,,2014,8358
South Asia,,2015,8300
South Asia,,2016,7803
South Asia,,2017,7664
South Korea,KOR,1974,1
South Korea,KOR,1982,1
South Korea,KOR,1983,1
South Korea,KOR,1986,5
South Korea,KOR,1988,0
South Korea,KOR,1989,0
South Korea,KOR,1990,0
South Korea,KOR,1991,0
South Korea,KOR,1992,1
South Korea,KOR,1994,1
South Korea,KOR,1995,0
South Korea,KOR,1996,0
South Korea,KOR,2001,0
South Korea,KOR,2003,0
South Korea,KOR,2006,0
South Korea,KOR,2015,0
South Korea,KOR,2016,0
South Sudan,SSD,2012,68
South Sudan,SSD,2013,226
South Sudan,SSD,2014,908
South Sudan,SSD,2015,218
South Sudan,SSD,2016,633
South Sudan,SSD,2017,581
South Vietnam,,1972,81
South Yemen,,1971,0
South Yemen,,1983,0
Southeast Asia,,1970,41
Southeast Asia,,1971,2
Southeast Asia,,1972,84
Southeast Asia,,1973,0
Southeast Asia,,1974,5
Southeast Asia,,1975,1
Southeast Asia,,1976,47
Southeast Asia,,1977,102
Southeast Asia,,1978,158
Southeast Asia,,1979,260
Southeast Asia,,1980,244
Southeast Asia,,1981,201
Southeast Asia,,1982,143
Southeast Asia,,1983,122
Southeast Asia,,1984,264
Southeast Asia,,1985,459
Southeast Asia,,1986,342
Southeast Asia,,1987,404
Southeast Asia,,1988,662
Southeast Asia,,1989,606
Southeast Asia,,1990,562
Southeast Asia,,1991,574
Southeast Asia,,1992,673
Southeast Asia,,1994,390
Southeast Asia,,1995,312
Southeast Asia,,1996,270
Southeast Asia,,1997,335
Southeast Asia,,1998,54
Southeast Asia,,1999,123
Southeast Asia,,2000,459
Southeast Asia,,2001,311
Southeast Asia,,2002,396
Southeast Asia,,2003,354
Southeast Asia,,2004,281
Southeast Asia,,2005,266
Southeast Asia,,2006,260
Southeast Asia,,2007,390
Southeast Asia,,2008,403
Southeast Asia,,2009,482
Southeast Asia,,2010,322
Southeast Asia,,2011,299
Southeast Asia,,2012,453
Southeast Asia,,2013,723
Southeast Asia,,2014,702
Southeast Asia,,2015,646
Southeast Asia,,2016,639
Southeast Asia,,2017,811
Soviet Union,,1978,4
Spain,ESP,1970,0
Spain,ESP,1971,0
Spain,ESP,1972,2
Spain,ESP,1973,6
Spain,ESP,1974,19
Spain,ESP,1975,31
Spain,ESP,1976,17
Spain,ESP,1977,44
Spain,ESP,1978,84
Spain,ESP,1979,112
Spain,ESP,1980,116
Spain,ESP,1981,39
Spain,ESP,1982,42
Spain,ESP,1983,42
Spain,ESP,1984,51
Spain,ESP,1985,67
Spain,ESP,1986,57
Spain,ESP,1987,68
Spain,ESP,1988,25
Spain,ESP,1989,29
Spain,ESP,1990,32
Spain,ESP,1991,46
Spain,ESP,1992,29
Spain,ESP,1994,17
Spain,ESP,1995,18
Spain,ESP,1996,5
Spain,ESP,1997,11
Spain,ESP,1998,6
Spain,ESP,1999,0
Spain,ESP,2000,29
Spain,ESP,2001,14
Spain,ESP,2002,5
Spain,ESP,2003,3
Spain,ESP,2004,193
Spain,ESP,2005,0
Spain,ESP,2006,2
Spain,ESP,2007,0
Spain,ESP,2008,3
Spain,ESP,2009,3
Spain,ESP,2010,0
Spain,ESP,2012,0
Spain,ESP,2013,0
Spain,ESP,2014,0
Spain,ESP,2015,0
Spain,ESP,2016,0
Spain,ESP,2017,21
Sri Lanka,LKA,1975,1
Sri Lanka,LKA,1979,2
Sri Lanka,LKA,1981,3
Sri Lanka,LKA,1982,7
Sri Lanka,LKA,1983,6
Sri Lanka,LKA,1984,485
Sri Lanka,LKA,1985,611
Sri Lanka,LKA,1986,690
Sri Lanka,LKA,1987,1274
Sri Lanka,LKA,1988,885
Sri Lanka,LKA,1989,1822
Sri Lanka,LKA,1990,1505
Sri Lanka,LKA,1991,1034
Sri Lanka,LKA,1992,984
Sri Lanka,LKA,1994,186
Sri Lanka,LKA,1995,1020
Sri Lanka,LKA,1996,827
Sri Lanka,LKA,1997,486
Sri Lanka,LKA,1998,680
Sri Lanka,LKA,1999,212
Sri Lanka,LKA,2000,449
Sri Lanka,LKA,2001,195
Sri Lanka,LKA,2002,3
Sri Lanka,LKA,2003,23
Sri Lanka,LKA,2004,30
Sri Lanka,LKA,2005,125
Sri Lanka,LKA,2006,1012
Sri Lanka,LKA,2007,410
Sri Lanka,LKA,2008,353
Sri Lanka,LKA,2009,201
Sri Lanka,LKA,2010,2
Sri Lanka,LKA,2012,0
Sri Lanka,LKA,2013,0
Sri Lanka,LKA,2014,3
Sri Lanka,LKA,2015,3
Sri Lanka,LKA,2016,0
Sri Lanka,LKA,2017,1
Sub-Saharan Africa,,1970,1
Sub-Saharan Africa,,1971,1
Sub-Saharan Africa,,1972,0
Sub-Saharan Africa,,1973,5
Sub-Saharan Africa,,1974,4
Sub-Saharan Africa,,1975,29
Sub-Saharan Africa,,1976,8
Sub-Saharan Africa,,1977,17
Sub-Saharan Africa,,1978,112
Sub-Saharan Africa,,1979,334
Sub-Saharan Africa,,1980,82
Sub-Saharan Africa,,1981,102
Sub-Saharan Africa,,1982,68
Sub-Saharan Africa,,1983,482
Sub-Saharan Africa,,1984,1031
Sub-Saharan Africa,,1985,211
Sub-Saharan Africa,,1986,799
Sub-Saharan Africa,,1987,648
Sub-Saharan Africa,,1988,735
Sub-Saharan Africa,,1989,1202
Sub-Saharan Africa,,1990,660
Sub-Saharan Africa,,1991,1347
Sub-Saharan Africa,,1992,2442
Sub-Saharan Africa,,1994,3232
Sub-Saharan Africa,,1995,1320
Sub-Saharan Africa,,1996,2558
Sub-Saharan Africa,,1997,2188
Sub-Saharan Africa,,1998,1437
Sub-Saharan Africa,,1999,885
Sub-Saharan Africa,,2000,1026
Sub-Saharan Africa,,2001,1169
Sub-Saharan Africa,,2002,1041
Sub-Saharan Africa,,2003,555
Sub-Saharan Africa,,2004,317
Sub-Saharan Africa,,2005,379
Sub-Saharan Africa,,2006,972
Sub-Saharan Africa,,2007,1383
Sub-Saharan Africa,,2008,1475
Sub-Saharan Africa,,2009,1731
Sub-Saharan Africa,,2010,830
Sub-Saharan Africa,,2011,1237
Sub-Saharan Africa,,2012,2996
Sub-Saharan Africa,,2013,3857
Sub-Saharan Africa,,2014,13351
Sub-Saharan Africa,,2015,10763
Sub-Saharan Africa,,2016,6652
Sub-Saharan Africa,,2017,6712
Sudan,SDN,1973,3
Sudan,SDN,1981,2
Sudan,SDN,1982,0
Sudan,SDN,1983,0
Sudan,SDN,1984,305
Sudan,SDN,1986,8
Sudan,SDN,1987,0
Sudan,SDN,1988,58
Sudan,SDN,1989,14
Sudan,SDN,1990,0
Sudan,SDN,1991,32
Sudan,SDN,1992,13
Sudan,SDN,1994,17
Sudan,SDN,1995,6
Sudan,SDN,1996,40
Sudan,SDN,1997,1
Sudan,SDN,1999,16
Sudan,SDN,2000,27
Sudan,SDN,2001,13
Sudan,SDN,2002,589
Sudan,SDN,2004,28
Sudan,SDN,2005,54
Sudan,SDN,2006,484
Sudan,SDN,2007,317
Sudan,SDN,2008,205
Sudan,SDN,2009,77
Sudan,SDN,2010,81
Sudan,SDN,2011,193
Sudan,SDN,2012,60
Sudan,SDN,2013,220
Sudan,SDN,2014,546
Sudan,SDN,2015,210
Sudan,SDN,2016,182
Sudan,SDN,2017,82
Suriname,SUR,1982,0
Suriname,SUR,1983,0
Suriname,SUR,1984,0
Suriname,SUR,1986,2
Suriname,SUR,1987,6
Suriname,SUR,1988,6
Suriname,SUR,1989,14
Suriname,SUR,1990,0
Suriname,SUR,1991,1
Suriname,SUR,1992,0
Suriname,SUR,1994,0
Suriname,SUR,1997,0
Swaziland,SWZ,1982,0
Swaziland,SWZ,1984,1
Swaziland,SWZ,1986,0
Swaziland,SWZ,1987,4
Swaziland,SWZ,1989,0
Swaziland,SWZ,1991,0
Swaziland,SWZ,1992,0
Swaziland,SWZ,1995,0
Swaziland,SWZ,1997,0
Swaziland,SWZ,1998,1
Swaziland,SWZ,1999,0
Swaziland,SWZ,2003,0
Swaziland,SWZ,2006,0
Swaziland,SWZ,2008,0
Sweden,SWE,1971,1
Sweden,SWE,1972,0
Sweden,SWE,1975,3
Sweden,SWE,1978,0
Sweden,SWE,1979,1
Sweden,SWE,1983,1
Sweden,SWE,1986,1
Sweden,SWE,1989,0
Sweden,SWE,1990,1
Sweden,SWE,1991,1
Sweden,SWE,1992,2
Sweden,SWE,1994,0
Sweden,SWE,1995,0
Sweden,SWE,1996,0
Sweden,SWE,1997,1
Sweden,SWE,1999,0
Sweden,SWE,2000,0
Sweden,SWE,2005,0
Sweden,SWE,2006,0
Sweden,SWE,2008,0
Sweden,SWE,2009,0
Sweden,SWE,2010,1
Sweden,SWE,2011,0
Sweden,SWE,2012,0
Sweden,SWE,2014,0
Sweden,SWE,2015,4
Sweden,SWE,2016,0
Sweden,SWE,2017,5
Switzerland,CHE,1970,47
Switzerland,CHE,1971,0
Switzerland,CHE,1972,0
Switzerland,CHE,1973,0
Switzerland,CHE,1974,0
Switzerland,CHE,1975,0
Switzerland,CHE,1976,0
Switzerland,CHE,1977,0
Switzerland,CHE,1978,0
Switzerland,CHE,1979,1
Switzerland,CHE,1980,0
Switzerland,CHE,1981,2
Switzerland,CHE,1982,0
Switzerland,CHE,1983,0
Switzerland,CHE,1984,0
Switzerland,CHE,1985,0
Switzerland,CHE,1987,1
Switzerland,CHE,1988,0
Switzerland,CHE,1990,1
Switzerland,CHE,1991,0
Switzerland,CHE,1992,6
Switzerland,CHE,1995,1
Switzerland,CHE,1996,1
Switzerland,CHE,1997,0
Switzerland,CHE,1998,0
Switzerland,CHE,1999,0
Switzerland,CHE,2000,0
Switzerland,CHE,2001,14
Switzerland,CHE,2003,0
Switzerland,CHE,2007,0
Switzerland,CHE,2011,0
Switzerland,CHE,2013,0
Switzerland,CHE,2016,0
Syria,SYR,1974,1
Syria,SYR,1975,0
Syria,SYR,1976,5
Syria,SYR,1977,1
Syria,SYR,1978,0
Syria,SYR,1979,80
Syria,SYR,1980,89
Syria,SYR,1981,192
Syria,SYR,1982,98
Syria,SYR,1983,1
Syria,SYR,1984,0
Syria,SYR,1985,30
Syria,SYR,1986,8
Syria,SYR,1989,0
Syria,SYR,1996,15
Syria,SYR,1997,2
Syria,SYR,1998,0
Syria,SYR,2004,4
Syria,SYR,2006,5
Syria,SYR,2008,18
Syria,SYR,2011,163
Syria,SYR,2012,877
Syria,SYR,2013,1568
Syria,SYR,2014,3312
Syria,SYR,2015,3924
Syria,SYR,2016,2810
Syria,SYR,2017,2026
Taiwan,TWN,1971,25
Taiwan,TWN,1976,0
Taiwan,TWN,1990,0
Taiwan,TWN,1991,7
Taiwan,TWN,1992,16
Taiwan,TWN,1994,1
Taiwan,TWN,1995,0
Taiwan,TWN,1996,9
Taiwan,TWN,1997,0
Taiwan,TWN,2001,2
Taiwan,TWN,2004,0
Taiwan,TWN,2008,0
Taiwan,TWN,2013,0
Taiwan,TWN,2014,0
Taiwan,TWN,2016,0
Taiwan,TWN,2017,0
Tajikistan,TJK,1992,14
Tajikistan,TJK,1994,48
Tajikistan,TJK,1995,78
Tajikistan,TJK,1996,50
Tajikistan,TJK,1997,43
Tajikistan,TJK,1998,29
Tajikistan,TJK,1999,2
Tajikistan,TJK,2000,11
Tajikistan,TJK,2001,8
Tajikistan,TJK,2005,0
Tajikistan,TJK,2007,1
Tajikistan,TJK,2009,0
Tajikistan,TJK,2010,4
Tajikistan,TJK,2012,3
Tajikistan,TJK,2014,1
Tajikistan,TJK,2015,12
Tajikistan,TJK,2016,2
Tajikistan,TJK,2017,1
Tanzania,TZA,1975,0
Tanzania,TZA,1979,1
Tanzania,TZA,1982,0
Tanzania,TZA,1994,1
Tanzania,TZA,1995,0
Tanzania,TZA,1997,1
Tanzania,TZA,1998,11
Tanzania,TZA,2000,0
Tanzania,TZA,2001,2
Tanzania,TZA,2002,24
Tanzania,TZA,2004,0
Tanzania,TZA,2008,0
Tanzania,TZA,2010,0
Tanzania,TZA,2013,8
Tanzania,TZA,2014,4
Tanzania,TZA,2015,10
Tanzania,TZA,2016,3
Tanzania,TZA,2017,8
Thailand,THA,1972,0
Thailand,THA,1974,2
Thailand,THA,1977,1
Thailand,THA,1978,29
Thailand,THA,1979,62
Thailand,THA,1980,75
Thailand,THA,1981,21
Thailand,THA,1982,1
Thailand,THA,1983,0
Thailand,THA,1984,0
Thailand,THA,1985,0
Thailand,THA,1986,0
Thailand,THA,1988,10
Thailand,THA,1989,35
Thailand,THA,1990,22
Thailand,THA,1991,11
Thailand,THA,1992,39
Thailand,THA,1994,17
Thailand,THA,1995,19
Thailand,THA,1996,10
Thailand,THA,1997,18
Thailand,THA,1998,4
Thailand,THA,1999,0
Thailand,THA,2000,7
Thailand,THA,2001,11
Thailand,THA,2002,16
Thailand,THA,2003,6
Thailand,THA,2004,32
Thailand,THA,2005,130
Thailand,THA,2006,194
Thailand,THA,2007,264
Thailand,THA,2008,166
Thailand,THA,2009,270
Thailand,THA,2010,154
Thailand,THA,2011,152
Thailand,THA,2012,209
Thailand,THA,2013,255
Thailand,THA,2014,192
Thailand,THA,2015,116
Thailand,THA,2016,120
Thailand,THA,2017,72
Togo,TGO,1985,1
Togo,TGO,1991,13
Togo,TGO,1992,12
Togo,TGO,1994,47
Togo,TGO,1995,0
Togo,TGO,1996,3
Togo,TGO,2005,0
Trinidad and Tobago,TTO,1976,0
Trinidad and Tobago,TTO,1979,0
Trinidad and Tobago,TTO,1981,0
Trinidad and Tobago,TTO,1983,0
Trinidad and Tobago,TTO,1989,0
Trinidad and Tobago,TTO,1991,0
Trinidad and Tobago,TTO,1992,0
Trinidad and Tobago,TTO,1994,2
Trinidad and Tobago,TTO,1995,4
Trinidad and Tobago,TTO,1996,0
Trinidad and Tobago,TTO,2005,0
Trinidad and Tobago,TTO,2010,0
Trinidad and Tobago,TTO,2013,0
Trinidad and Tobago,TTO,2015,0
Tunisia,TUN,1979,0
Tunisia,TUN,1980,41
Tunisia,TUN,1986,0
Tunisia,TUN,1987,0
Tunisia,TUN,1991,4
Tunisia,TUN,1994,1
Tunisia,TUN,1995,7
Tunisia,TUN,2000,5
Tunisia,TUN,2001,3
Tunisia,TUN,2002,21
Tunisia,TUN,2007,14
Tunisia,TUN,2008,0
Tunisia,TUN,2011,4
Tunisia,TUN,2012,4
Tunisia,TUN,2013,25
Tunisia,TUN,2014,43
Tunisia,TUN,2015,103
Tunisia,TUN,2016,71
Tunisia,TUN,2017,5
Turkey,TUR,1970,0
Turkey,TUR,1971,1
Turkey,TUR,1972,3
Turkey,TUR,1974,0
Turkey,TUR,1975,0
Turkey,TUR,1976,7
Turkey,TUR,1977,29
Turkey,TUR,1978,40
Turkey,TUR,1979,123
Turkey,TUR,1980,111
Turkey,TUR,1981,11
Turkey,TUR,1982,9
Turkey,TUR,1983,2
Turkey,TUR,1984,27
Turkey,TUR,1985,1
Turkey,TUR,1986,26
Turkey,TUR,1987,187
Turkey,TUR,1988,102
Turkey,TUR,1989,232
Turkey,TUR,1990,512
Turkey,TUR,1991,308
Turkey,TUR,1992,1233
Turkey,TUR,1994,982
Turkey,TUR,1995,189
Turkey,TUR,1996,117
Turkey,TUR,1997,60
Turkey,TUR,1998,37
Turkey,TUR,1999,127
Turkey,TUR,2000,12
Turkey,TUR,2001,17
Turkey,TUR,2002,0
Turkey,TUR,2003,67
Turkey,TUR,2004,25
Turkey,TUR,2005,35
Turkey,TUR,2006,46
Turkey,TUR,2007,25
Turkey,TUR,2008,42
Turkey,TUR,2009,18
Turkey,TUR,2010,13
Turkey,TUR,2011,25
Turkey,TUR,2012,247
Turkey,TUR,2013,83
Turkey,TUR,2014,39
Turkey,TUR,2015,490
Turkey,TUR,2016,1006
Turkey,TUR,2017,222
Turkmenistan,TKM,2002,0
Turkmenistan,TKM,2014,3
USSR,OWID_USS,1989,6
USSR,OWID_USS,1990,58
USSR,OWID_USS,1991,28
Uganda,UGA,1979,13
Uganda,UGA,1981,57
Uganda,UGA,1982,0
Uganda,UGA,1983,121
Uganda,UGA,1984,235
Uganda,UGA,1985,32
Uganda,UGA,1986,1
Uganda,UGA,1987,1
Uganda,UGA,1988,160
Uganda,UGA,1989,72
Uganda,UGA,1990,84
Uganda,UGA,1991,2
Uganda,UGA,1992,2
Uganda,UGA,1994,22
Uganda,UGA,1995,145
Uganda,UGA,1996,413
Uganda,UGA,1997,239
Uganda,UGA,1998,81
Uganda,UGA,1999,75
Uganda,UGA,2000,297
Uganda,UGA,2001,56
Uganda,UGA,2002,173
Uganda,UGA,2003,231
Uganda,UGA,2004,193
Uganda,UGA,2005,80
Uganda,UGA,2007,2
Uganda,UGA,2008,3
Uganda,UGA,2009,11
Uganda,UGA,2010,75
Uganda,UGA,2012,5
Uganda,UGA,2014,98
Uganda,UGA,2015,4
Uganda,UGA,2016,75
Uganda,UGA,2017,7
Ukraine,UKR,1991,0
Ukraine,UKR,1992,1
Ukraine,UKR,1994,4
Ukraine,UKR,1995,0
Ukraine,UKR,1996,0
Ukraine,UKR,1997,2
Ukraine,UKR,1999,1
Ukraine,UKR,2000,0
Ukraine,UKR,2002,1
Ukraine,UKR,2003,0
Ukraine,UKR,2007,0
Ukraine,UKR,2008,0
Ukraine,UKR,2009,0
Ukraine,UKR,2010,1
Ukraine,UKR,2011,0
Ukraine,UKR,2012,1
Ukraine,UKR,2013,1
Ukraine,UKR,2014,1396
Ukraine,UKR,2015,765
Ukraine,UKR,2016,48
Ukraine,UKR,2017,40
United Arab Emirates,ARE,1974,1
United Arab Emirates,ARE,1977,1
United Arab Emirates,ARE,1978,5
United Arab Emirates,ARE,1979,0
United Arab Emirates,ARE,1980,1
United Arab Emirates,ARE,1981,2
United Arab Emirates,ARE,1983,111
United Arab Emirates,ARE,1985,0
United Arab Emirates,ARE,1986,0
United Arab Emirates,ARE,1989,1
United Arab Emirates,ARE,1992,0
United Arab Emirates,ARE,1995,0
United Arab Emirates,ARE,2010,0
United Arab Emirates,ARE,2013,0
United Arab Emirates,ARE,2014,1
United Kingdom,GBR,1970,20
United Kingdom,GBR,1971,110
United Kingdom,GBR,1972,368
United Kingdom,GBR,1973,210
United Kingdom,GBR,1974,235
United Kingdom,GBR,1975,245
United Kingdom,GBR,1976,264
United Kingdom,GBR,1977,103
United Kingdom,GBR,1978,81
United Kingdom,GBR,1979,133
United Kingdom,GBR,1980,78
United Kingdom,GBR,1981,86
United Kingdom,GBR,1982,95
United Kingdom,GBR,1983,77
United Kingdom,GBR,1984,69
United Kingdom,GBR,1985,64
United Kingdom,GBR,1986,63
United Kingdom,GBR,1987,104
United Kingdom,GBR,1988,372
United Kingdom,GBR,1989,66
United Kingdom,GBR,1990,76
United Kingdom,GBR,1991,88
United Kingdom,GBR,1992,94
United Kingdom,GBR,1994,66
United Kingdom,GBR,1995,11
United Kingdom,GBR,1996,14
United Kingdom,GBR,1997,23
United Kingdom,GBR,1998,46
United Kingdom,GBR,1999,7
United Kingdom,GBR,2000,7
United Kingdom,GBR,2001,8
United Kingdom,GBR,2002,2
United Kingdom,GBR,2003,2
United Kingdom,GBR,2004,0
United Kingdom,GBR,2005,57
United Kingdom,GBR,2006,0
United Kingdom,GBR,2007,4
United Kingdom,GBR,2008,0
United Kingdom,GBR,2009,3
United Kingdom,GBR,2010,0
United Kingdom,GBR,2011,1
United Kingdom,GBR,2012,2
United Kingdom,GBR,2013,4
United Kingdom,GBR,2014,0
United Kingdom,GBR,2015,1
United Kingdom,GBR,2016,9
United Kingdom,GBR,2017,42
United States,USA,1970,33
United States,USA,1971,20
United States,USA,1972,10
United States,USA,1973,45
United States,USA,1974,16
United States,USA,1975,24
United States,USA,1976,4
United States,USA,1977,4
United States,USA,1978,8
United States,USA,1979,18
United States,USA,1980,15
United States,USA,1981,8
United States,USA,1982,11
United States,USA,1983,8
United States,USA,1984,3
United States,USA,1985,3
United States,USA,1986,1
United States,USA,1987,1
United States,USA,1988,1
United States,USA,1989,3
United States,USA,1990,5
United States,USA,1991,2
United States,USA,1992,2
United States,USA,1994,10
United States,USA,1995,178
United States,USA,1996,2
United States,USA,1997,2
United States,USA,1998,4
United States,USA,1999,20
United States,USA,2000,0
United States,USA,2001,3008
United States,USA,2002,4
United States,USA,2003,0
United States,USA,2004,0
United States,USA,2005,0
United States,USA,2006,1
United States,USA,2007,0
United States,USA,2008,2
United States,USA,2009,18
United States,USA,2010,4
United States,USA,2011,0
United States,USA,2012,7
United States,USA,2013,23
United States,USA,2014,26
United States,USA,2015,54
United States,USA,2016,68
United States,USA,2017,95
Uruguay,URY,1970,3
Uruguay,URY,1971,1
Uruguay,URY,1972,0
Uruguay,URY,1984,0
Uruguay,URY,1985,0
Uruguay,URY,1986,0
Uruguay,URY,1989,1
Uruguay,URY,1990,0
Uruguay,URY,1991,0
Uruguay,URY,1992,0
Uruguay,URY,1994,0
Uruguay,URY,1995,0
Uruguay,URY,1996,0
Uruguay,URY,1997,0
Uruguay,URY,2005,0
Uruguay,URY,2016,1
Uzbekistan,UZB,1992,0
Uzbekistan,UZB,1995,0
Uzbekistan,UZB,1999,19
Uzbekistan,UZB,2004,36
Uzbekistan,UZB,2005,10
Uzbekistan,UZB,2009,3
Uzbekistan,UZB,2015,0
Vanuatu,VUT,1996,0
Vatican City,,1981,0
Venezuela,VEN,1970,0
Venezuela,VEN,1971,0
Venezuela,VEN,1972,0
Venezuela,VEN,1973,0
Venezuela,VEN,1974,0
Venezuela,VEN,1975,0
Venezuela,VEN,1976,0
Venezuela,VEN,1977,1
Venezuela,VEN,1978,1
Venezuela,VEN,1979,0
Venezuela,VEN,1980,3
Venezuela,VEN,1981,2
Venezuela,VEN,1982,30
Venezuela,VEN,1983,7
Venezuela,VEN,1984,2
Venezuela,VEN,1985,0
Venezuela,VEN,1986,13
Venezuela,VEN,1987,3
Venezuela,VEN,1988,41
Venezuela,VEN,1989,14
Venezuela,VEN,1990,0
Venezuela,VEN,1991,47
Venezuela,VEN,1992,7
Venezuela,VEN,1994,4
Venezuela,VEN,1995,8
Venezuela,VEN,1996,13
Venezuela,VEN,1997,3
Venezuela,VEN,1998,0
Venezuela,VEN,1999,0
Venezuela,VEN,2001,0
Venezuela,VEN,2002,0
Venezuela,VEN,2003,0
Venezuela,VEN,2007,1
Venezuela,VEN,2008,1
Venezuela,VEN,2009,10
Venezuela,VEN,2012,0
Venezuela,VEN,2013,0
Venezuela,VEN,2014,1
Venezuela,VEN,2015,1
Venezuela,VEN,2016,9
Venezuela,VEN,2017,5
Vietnam,VNM,1992,0
Vietnam,VNM,1994,0
Vietnam,VNM,1995,0
Vietnam,VNM,1996,0
Vietnam,VNM,1997,1
Vietnam,VNM,2001,0
Vietnam,VNM,2017,0
Wallis and Futuna,WLF,1994,0
West Germany (FRG),,1970,8
West Germany (FRG),,1971,0
West Germany (FRG),,1972,23
West Germany (FRG),,1973,1
West Germany (FRG),,1974,1
West Germany (FRG),,1975,1
West Germany (FRG),,1976,4
West Germany (FRG),,1977,6
West Germany (FRG),,1978,0
West Germany (FRG),,1979,0
West Germany (FRG),,1980,17
West Germany (FRG),,1981,2
West Germany (FRG),,1982,5
West Germany (FRG),,1983,2
West Germany (FRG),,1984,0
West Germany (FRG),,1985,9
West Germany (FRG),,1986,9
West Germany (FRG),,1987,2
West Germany (FRG),,1988,1
West Germany (FRG),,1989,5
West Germany (FRG),,1990,1
Western Europe,,1970,79
Western Europe,,1971,112
Western Europe,,1972,405
Western Europe,,1973,295
Western Europe,,1974,408
Western Europe,,1975,299
Western Europe,,1976,323
Western Europe,,1977,195
Western Europe,,1978,231
Western Europe,,1979,301
Western Europe,,1980,390
Western Europe,,1981,177
Western Europe,,1982,178
Western Europe,,1983,163
Western Europe,,1984,175
Western Europe,,1985,261
Western Europe,,1986,165
Western Europe,,1987,194
Western Europe,,1988,437
Western Europe,,1989,119
Western Europe,,1990,120
Western Europe,,1991,170
Western Europe,,1992,179
Western Europe,,1994,105
Western Europe,,1995,68
Western Europe,,1996,43
Western Europe,,1997,40
Western Europe,,1998,54
Western Europe,,1999,12
Western Europe,,2000,42
Western Europe,,2001,40
Western Europe,,2002,9
Western Europe,,2003,5
Western Europe,,2004,196
Western Europe,,2005,60
Western Europe,,2006,6
Western Europe,,2007,17
Western Europe,,2008,3
Western Europe,,2009,15
Western Europe,,2010,5
Western Europe,,2011,83
Western Europe,,2012,11
Western Europe,,2013,7
Western Europe,,2014,5
Western Europe,,2015,171
Western Europe,,2016,238
Western Europe,,2017,83
Western Sahara,ESH,1978,0
Western Sahara,ESH,1984,0
Western Sahara,ESH,1986,1
Western Sahara,ESH,1992,0
Western Sahara,ESH,2007,0
World,OWID_WRL,1970,174
World,OWID_WRL,1971,173
World,OWID_WRL,1972,566
World,OWID_WRL,1973,370
World,OWID_WRL,1974,539
World,OWID_WRL,1975,617
World,OWID_WRL,1976,674
World,OWID_WRL,1977,456
World,OWID_WRL,1978,1459
World,OWID_WRL,1979,2100
World,OWID_WRL,1980,4400
World,OWID_WRL,1981,4851
World,OWID_WRL,1982,5136
World,OWID_WRL,1983,9444
World,OWID_WRL,1984,10450
World,OWID_WRL,1985,7094
World,OWID_WRL,1986,4976
World,OWID_WRL,1987,6482
World,OWID_WRL,1988,7208
World,OWID_WRL,1989,8152
World,OWID_WRL,1990,7148
World,OWID_WRL,1991,8429
World,OWID_WRL,1992,9742
World,OWID_WRL,1994,7690
World,OWID_WRL,1995,6103
World,OWID_WRL,1996,6966
World,OWID_WRL,1997,10924
World,OWID_WRL,1998,4688
World,OWID_WRL,1999,3393
World,OWID_WRL,2000,4403
World,OWID_WRL,2001,7729
World,OWID_WRL,2002,4805
World,OWID_WRL,2003,3317
World,OWID_WRL,2004,5743
World,OWID_WRL,2005,6331
World,OWID_WRL,2006,9380
World,OWID_WRL,2007,12824
World,OWID_WRL,2008,9157
World,OWID_WRL,2009,9273
World,OWID_WRL,2010,7827
World,OWID_WRL,2011,8246
World,OWID_WRL,2012,15497
World,OWID_WRL,2013,22273
World,OWID_WRL,2014,44490
World,OWID_WRL,2015,38853
World,OWID_WRL,2016,34871
World,OWID_WRL,2017,26445
Yemen,YEM,1991,1
Yemen,YEM,1992,20
Yemen,YEM,1994,14
Yemen,YEM,1995,4
Yemen,YEM,1996,3
Yemen,YEM,1997,11
Yemen,YEM,1998,8
Yemen,YEM,1999,11
Yemen,YEM,2000,19
Yemen,YEM,2001,2
Yemen,YEM,2002,4
Yemen,YEM,2003,16
Yemen,YEM,2005,12
Yemen,YEM,2006,14
Yemen,YEM,2007,24
Yemen,YEM,2008,74
Yemen,YEM,2009,47
Yemen,YEM,2010,345
Yemen,YEM,2011,461
Yemen,YEM,2012,1056
Yemen,YEM,2013,624
Yemen,YEM,2014,1353
Yemen,YEM,2015,2374
Yemen,YEM,2016,1517
Yemen,YEM,2017,762
Yugoslavia,OWID_YGS,1973,1
Yugoslavia,OWID_YGS,1974,0
Yugoslavia,OWID_YGS,1977,1
Yugoslavia,OWID_YGS,1980,0
Yugoslavia,OWID_YGS,1981,0
Yugoslavia,OWID_YGS,1983,2
Yugoslavia,OWID_YGS,1984,2
Yugoslavia,OWID_YGS,1989,0
Yugoslavia,OWID_YGS,1990,0
Yugoslavia,OWID_YGS,1991,6
Yugoslavia,OWID_YGS,1992,3
Yugoslavia,OWID_YGS,1994,0
Yugoslavia,OWID_YGS,1995,2
Yugoslavia,OWID_YGS,1996,9
Yugoslavia,OWID_YGS,1997,9
Yugoslavia,OWID_YGS,1998,57
Yugoslavia,OWID_YGS,1999,14
Yugoslavia,OWID_YGS,2000,5
Yugoslavia,OWID_YGS,2001,8
Yugoslavia,OWID_YGS,2002,0
Zaire,,1972,0
Zaire,,1973,0
Zaire,,1977,1
Zaire,,1984,2
Zaire,,1988,28
Zaire,,1991,3
Zaire,,1992,10
Zaire,,1994,1
Zaire,,1995,43
Zaire,,1996,223
Zaire,,1997,13
Zambia,ZMB,1971,1
Zambia,ZMB,1973,2
Zambia,ZMB,1975,1
Zambia,ZMB,1977,1
Zambia,ZMB,1978,0
Zambia,ZMB,1979,0
Zambia,ZMB,1981,0
Zambia,ZMB,1985,0
Zambia,ZMB,1986,2
Zambia,ZMB,1987,0
Zambia,ZMB,1988,9
Zambia,ZMB,1989,33
Zambia,ZMB,1990,20
Zambia,ZMB,1995,0
Zambia,ZMB,1996,0
Zambia,ZMB,1999,1
Zambia,ZMB,2000,0
Zambia,ZMB,2002,0
Zambia,ZMB,2017,0
Zimbabwe,ZWE,1980,13
Zimbabwe,ZWE,1981,13
Zimbabwe,ZWE,1982,22
Zimbabwe,ZWE,1983,11
Zimbabwe,ZWE,1984,4
Zimbabwe,ZWE,1985,5
Zimbabwe,ZWE,1986,1
Zimbabwe,ZWE,1987,35
Zimbabwe,ZWE,1988,2
Zimbabwe,ZWE,1989,21
Zimbabwe,ZWE,1990,9
Zimbabwe,ZWE,1991,0
Zimbabwe,ZWE,1992,0
Zimbabwe,ZWE,1994,0
Zimbabwe,ZWE,1995,0
Zimbabwe,ZWE,2000,0
Zimbabwe,ZWE,2001,1
Zimbabwe,ZWE,2002,8
Zimbabwe,ZWE,2003,0
Zimbabwe,ZWE,2006,0
Zimbabwe,ZWE,2007,0
Zimbabwe,ZWE,2008,7
Zimbabwe,ZWE,2010,1
Zimbabwe,ZWE,2011,0
Zimbabwe,ZWE,2013,1
Zimbabwe,ZWE,2014,0
Zimbabwe,ZWE,2017,0